{"api_version":"1.2","fields":{"currency":{"confidence":0.782,"value":"USD"},"date":{"boxes":[{"boundingPoly":{"vertices":[{"x":1343,"y":259},{"x":1466,"y":259},{"x":1466,"y":291},{"x":1343,"y":291}]},"description":"8/25/2020","line":2}],"confidence":0.8449351191520691,"multi_page":{"0":{"boxes":[{"boundingPoly":{"vertices":[{"x":1343,"y":259},{"x":1466,"y":259},{"x":1466,"y":291},{"x":1343,"y":291}]},"description":"8/25/2020","line":2}],"confidence":0.8449351191520691,"date_potentially_ambiguous":false,"page":0,"value":"2020-08-25","value_raw":"8/25/2020"}},"page":0,"value":"2020-08-25","value_raw":"8/25/2020"},"invoice-no":{"boxes":[{"boundingPoly":{"vertices":[{"x":1343,"y":206},{"x":1435,"y":206},{"x":1435,"y":238},{"x":1343,"y":238}]},"description":"189386","line":1}],"confidence":0.962520182132721,"multi_page":{"0":{"boxes":[{"boundingPoly":{"vertices":[{"x":1343,"y":206},{"x":1435,"y":206},{"x":1435,"y":238},{"x":1343,"y":238}]},"description":"189386","line":1}],"confidence":0.962520182132721,"page":0,"value":"189386","value_raw":"189386"}},"page":0,"value":"189386","value_raw":"189386"},"items":[{"description":{"boxes":[{"boundingPoly":{"vertices":[{"x":410,"y":1406},{"x":486,"y":1406},{"x":486,"y":1438},{"x":410,"y":1438}]},"description":"29x29","line":20},{"boundingPoly":{"vertices":[{"x":494,"y":1406},{"x":568,"y":1406},{"x":568,"y":1438},{"x":494,"y":1438}]},"description":"space","line":20},{"boundingPoly":{"vertices":[{"x":576,"y":1406},{"x":643,"y":1406},{"x":643,"y":1438},{"x":576,"y":1438}]},"description":"saver","line":20},{"boundingPoly":{"vertices":[{"x":651,"y":1406},{"x":728,"y":1406},{"x":728,"y":1438},{"x":651,"y":1438}]},"description":"Silver,","line":20},{"boundingPoly":{"vertices":[{"x":736,"y":1406},{"x":835,"y":1406},{"x":835,"y":1438},{"x":736,"y":1438}]},"description":"22x245","line":20},{"boundingPoly":{"vertices":[{"x":843,"y":1406},{"x":878,"y":1406},{"x":878,"y":1438},{"x":843,"y":1438}]},"description":"mil","line":20}],"confidence":0.8351022005081177,"page":0,"value":"29x29 space saver Silver, 22x245 mil"},"item-po-no":{"boxes":[],"confidence":0.0,"page":0,"value":""},"line-amount":{"boxes":[{"boundingPoly":{"vertices":[{"x":1288,"y":1426},{"x":1388,"y":1426},{"x":1388,"y":1458},{"x":1288,"y":1458}]},"description":"$200.00","line":21}],"confidence":0.9614280462265015,"page":0,"value":"200.00"},"part-no":{"boxes":[{"boundingPoly":{"vertices":[{"x":475,"y":1447},{"x":836,"y":1447},{"x":836,"y":1479},{"x":475,"y":1479}]},"description":"333-990807-000-12N-A.0-SA","line":22}],"confidence":0.7620014548301697,"page":0,"value":"333-990807-000-12N-A.0-SA"},"quantity":{"boxes":[{"boundingPoly":{"vertices":[{"x":954,"y":1426},{"x":1039,"y":1426},{"x":1039,"y":1458},{"x":954,"y":1458}]},"description":"1.0000","line":21}],"confidence":0.969074547290802,"page":0,"value":"1.0000"},"unit-price":{"boxes":[{"boundingPoly":{"vertices":[{"x":1102,"y":1426},{"x":1233,"y":1426},{"x":1233,"y":1458},{"x":1102,"y":1458}]},"description":"$200.0000","line":21}],"confidence":0.9301444292068481,"page":0,"value":"200.0000"}}],"name":{"boxes":[{"boundingPoly":{"vertices":[{"x":77,"y":313},{"x":190,"y":313},{"x":190,"y":345},{"x":77,"y":345}]},"description":"BlueRing","line":3},{"boundingPoly":{"vertices":[{"x":198,"y":313},{"x":295,"y":313},{"x":295,"y":345},{"x":198,"y":345}]},"description":"Stencils","line":3}],"confidence":0.9424798488616943,"multi_page":{"0":{"boxes":[{"boundingPoly":{"vertices":[{"x":77,"y":313},{"x":190,"y":313},{"x":190,"y":345},{"x":77,"y":345}]},"description":"BlueRing","line":3},{"boundingPoly":{"vertices":[{"x":198,"y":313},{"x":295,"y":313},{"x":295,"y":345},{"x":198,"y":345}]},"description":"Stencils","line":3}],"confidence":0.9424798488616943,"page":0,"value":"BlueRing Stencils","value_raw":"BlueRing Stencils"}},"page":0,"value":"BlueRing Stencils","value_raw":"BlueRing Stencils"},"page_size":[[1652,2338]],"po-no":{"boxes":[{"boundingPoly":{"vertices":[{"x":267,"y":1238},{"x":484,"y":1238},{"x":484,"y":1270},{"x":267,"y":1270}]},"description":"12N-8221723-OP","line":18}],"confidence":0.7315084338188171,"multi_page":{"0":{"boxes":[{"boundingPoly":{"vertices":[{"x":267,"y":1238},{"x":484,"y":1238},{"x":484,"y":1270},{"x":267,"y":1270}]},"description":"12N-8221723-OP","line":18}],"confidence":0.7315084338188171,"page":0,"value":"12N-8221723-OP","value_raw":"12N-8221723-OP"}},"page":0,"value":"12N-8221723-OP","value_raw":"12N-8221723-OP"},"shipping-charges":{"boxes":[],"confidence":0.0,"multi_page":{},"page":0,"value":"","value_raw":""},"tariff":{"boxes":[],"confidence":0.0,"multi_page":{},"page":0,"value":"","value_raw":""},"tax":{"boxes":[{"boundingPoly":{"vertices":[{"x":1301,"y":1564},{"x":1370,"y":1564},{"x":1370,"y":1596},{"x":1301,"y":1596}]},"description":"$0.00","line":23}],"confidence":0.7337242364883423,"multi_page":{"0":{"boxes":[{"boundingPoly":{"vertices":[{"x":1301,"y":1564},{"x":1370,"y":1564},{"x":1370,"y":1596},{"x":1301,"y":1596}]},"description":"$0.00","line":23}],"confidence":0.7337242364883423,"page":0,"value":"0.00","value_raw":"$0.00"}},"page":0,"value":"0.00","value_raw":"$0.00"},"tax-amt-local":{"boxes":[],"confidence":0.0,"multi_page":{},"page":0,"value":"","value_raw":""},"tax-exchange-rate":{"boxes":[],"confidence":0.0,"multi_page":{},"page":0,"value":"","value_raw":""},"tax-rate":{"boxes":[],"confidence":0.0,"multi_page":{},"page":0,"value":"","value_raw":""},"taxable-amt-local":{"boxes":[],"confidence":0.0,"multi_page":{},"page":0,"value":"","value_raw":""},"total":{"boxes":[{"boundingPoly":{"vertices":[{"x":1301,"y":1659},{"x":1401,"y":1659},{"x":1401,"y":1691},{"x":1301,"y":1691}]},"description":"$200.00","line":25}],"confidence":0.9795718789100647,"multi_page":{"0":{"boxes":[{"boundingPoly":{"vertices":[{"x":1301,"y":1659},{"x":1401,"y":1659},{"x":1401,"y":1691},{"x":1301,"y":1691}]},"description":"$200.00","line":25}],"confidence":0.9795718789100647,"page":0,"value":"200.00","value_raw":"$200.00"}},"page":0,"value":"200.00","value_raw":"$200.00"}},"page_count":1,"pages":[{"boxes":[[{"boundingPoly":{"vertices":[{"x":1141,"y":103},{"x":1427,"y":103},{"x":1427,"y":183},{"x":1141,"y":183}]},"description":"INVOICE"}],[{"boundingPoly":{"vertices":[{"x":1088,"y":205},{"x":1184,"y":205},{"x":1184,"y":238},{"x":1088,"y":238}]},"description":"Invoice"},{"boundingPoly":{"vertices":[{"x":1192,"y":205},{"x":1217,"y":205},{"x":1217,"y":238},{"x":1192,"y":238}]},"description":"#:"},{"boundingPoly":{"vertices":[{"x":1343,"y":206},{"x":1435,"y":206},{"x":1435,"y":238},{"x":1343,"y":238}]},"description":"189386"}],[{"boundingPoly":{"vertices":[{"x":1088,"y":258},{"x":1184,"y":258},{"x":1184,"y":291},{"x":1088,"y":291}]},"description":"Invoice"},{"boundingPoly":{"vertices":[{"x":1192,"y":258},{"x":1261,"y":258},{"x":1261,"y":291},{"x":1192,"y":291}]},"description":"Date:"},{"boundingPoly":{"vertices":[{"x":1343,"y":259},{"x":1466,"y":259},{"x":1466,"y":291},{"x":1343,"y":291}]},"description":"8/25/2020"}],[{"boundingPoly":{"vertices":[{"x":77,"y":313},{"x":190,"y":313},{"x":190,"y":345},{"x":77,"y":345}]},"description":"BlueRing"},{"boundingPoly":{"vertices":[{"x":198,"y":313},{"x":295,"y":313},{"x":295,"y":345},{"x":198,"y":345}]},"description":"Stencils"},{"boundingPoly":{"vertices":[{"x":1088,"y":311},{"x":1184,"y":311},{"x":1184,"y":344},{"x":1088,"y":344}]},"description":"Invoice"},{"boundingPoly":{"vertices":[{"x":1192,"y":311},{"x":1244,"y":311},{"x":1244,"y":344},{"x":1192,"y":344}]},"description":"Due"},{"boundingPoly":{"vertices":[{"x":1252,"y":311},{"x":1321,"y":311},{"x":1321,"y":344},{"x":1252,"y":344}]},"description":"Date:"},{"boundingPoly":{"vertices":[{"x":1343,"y":312},{"x":1482,"y":312},{"x":1482,"y":344},{"x":1343,"y":344}]},"description":"10/24/2020"}],[{"boundingPoly":{"vertices":[{"x":77,"y":366},{"x":124,"y":366},{"x":124,"y":398},{"x":77,"y":398}]},"description":"140"},{"boundingPoly":{"vertices":[{"x":131,"y":366},{"x":170,"y":366},{"x":170,"y":398},{"x":131,"y":398}]},"description":"Mt."},{"boundingPoly":{"vertices":[{"x":178,"y":366},{"x":239,"y":366},{"x":239,"y":398},{"x":178,"y":398}]},"description":"Holly"},{"boundingPoly":{"vertices":[{"x":247,"y":366},{"x":355,"y":366},{"x":355,"y":398},{"x":247,"y":398}]},"description":"By-pass,"},{"boundingPoly":{"vertices":[{"x":363,"y":366},{"x":412,"y":366},{"x":412,"y":398},{"x":363,"y":398}]},"description":"Unit"},{"boundingPoly":{"vertices":[{"x":420,"y":366},{"x":451,"y":366},{"x":451,"y":398},{"x":420,"y":398}]},"description":"10"},{"boundingPoly":{"vertices":[{"x":1088,"y":364},{"x":1184,"y":364},{"x":1184,"y":397},{"x":1088,"y":397}]},"description":"Invoice"},{"boundingPoly":{"vertices":[{"x":1192,"y":364},{"x":1258,"y":364},{"x":1258,"y":397},{"x":1192,"y":397}]},"description":"Disc."},{"boundingPoly":{"vertices":[{"x":1266,"y":364},{"x":1300,"y":364},{"x":1300,"y":397},{"x":1266,"y":397}]},"description":"%:"},{"boundingPoly":{"vertices":[{"x":1343,"y":365},{"x":1428,"y":365},{"x":1428,"y":397},{"x":1343,"y":397}]},"description":"0.0000"}],[{"boundingPoly":{"vertices":[{"x":77,"y":424},{"x":337,"y":424},{"x":337,"y":456},{"x":77,"y":456}]},"description":"Lumberton,NJ,08048"},{"boundingPoly":{"vertices":[{"x":1088,"y":417},{"x":1184,"y":417},{"x":1184,"y":450},{"x":1088,"y":450}]},"description":"Invoice"},{"boundingPoly":{"vertices":[{"x":1192,"y":417},{"x":1308,"y":417},{"x":1308,"y":450},{"x":1192,"y":450}]},"description":"Balance:"},{"boundingPoly":{"vertices":[{"x":1343,"y":418},{"x":1458,"y":418},{"x":1458,"y":450},{"x":1343,"y":450}]},"description":"200.0000"}],[{"boundingPoly":{"vertices":[{"x":77,"y":477},{"x":134,"y":477},{"x":134,"y":509},{"x":77,"y":509}]},"description":"USA"},{"boundingPoly":{"vertices":[{"x":1088,"y":470},{"x":1161,"y":470},{"x":1161,"y":503},{"x":1088,"y":503}]},"description":"Sales"},{"boundingPoly":{"vertices":[{"x":1169,"y":470},{"x":1269,"y":470},{"x":1269,"y":503},{"x":1169,"y":503}]},"description":"Order#:"},{"boundingPoly":{"vertices":[{"x":1343,"y":471},{"x":1435,"y":471},{"x":1435,"y":503},{"x":1343,"y":503}]},"description":"253922"}],[{"boundingPoly":{"vertices":[{"x":77,"y":529},{"x":171,"y":529},{"x":171,"y":562},{"x":77,"y":562}]},"description":"Phone:"},{"boundingPoly":{"vertices":[{"x":179,"y":530},{"x":244,"y":530},{"x":244,"y":562},{"x":179,"y":562}]},"description":"(609)"},{"boundingPoly":{"vertices":[{"x":252,"y":530},{"x":369,"y":530},{"x":369,"y":562},{"x":252,"y":562}]},"description":"261-2670"},{"boundingPoly":{"vertices":[{"x":377,"y":529},{"x":434,"y":529},{"x":434,"y":562},{"x":377,"y":562}]},"description":"Fax:"},{"boundingPoly":{"vertices":[{"x":442,"y":530},{"x":506,"y":530},{"x":506,"y":562},{"x":442,"y":562}]},"description":"(609)"},{"boundingPoly":{"vertices":[{"x":514,"y":530},{"x":632,"y":530},{"x":632,"y":562},{"x":514,"y":562}]},"description":"261-4007"},{"boundingPoly":{"vertices":[{"x":1088,"y":523},{"x":1195,"y":523},{"x":1195,"y":556},{"x":1088,"y":556}]},"description":"Packing"},{"boundingPoly":{"vertices":[{"x":1203,"y":523},{"x":1278,"y":523},{"x":1278,"y":556},{"x":1203,"y":556}]},"description":"Slip#:"},{"boundingPoly":{"vertices":[{"x":1343,"y":524},{"x":1435,"y":524},{"x":1435,"y":556},{"x":1343,"y":556}]},"description":"253922"}],[{"boundingPoly":{"vertices":[{"x":77,"y":583},{"x":412,"y":583},{"x":412,"y":615},{"x":77,"y":615}]},"description":"https://blueringstencils.com"}],[{"boundingPoly":{"vertices":[{"x":204,"y":697},{"x":248,"y":697},{"x":248,"y":730},{"x":204,"y":730}]},"description":"Bill"},{"boundingPoly":{"vertices":[{"x":255,"y":697},{"x":299,"y":697},{"x":299,"y":730},{"x":255,"y":730}]},"description":"To:"},{"boundingPoly":{"vertices":[{"x":972,"y":697},{"x":1033,"y":697},{"x":1033,"y":730},{"x":972,"y":730}]},"description":"Ship"},{"boundingPoly":{"vertices":[{"x":1040,"y":697},{"x":1084,"y":697},{"x":1084,"y":730},{"x":1040,"y":730}]},"description":"To:"}],[{"boundingPoly":{"vertices":[{"x":204,"y":750},{"x":288,"y":750},{"x":288,"y":783},{"x":204,"y":783}]},"description":"Plexus"},{"boundingPoly":{"vertices":[{"x":295,"y":750},{"x":393,"y":750},{"x":393,"y":783},{"x":295,"y":783}]},"description":"Neenah"},{"boundingPoly":{"vertices":[{"x":400,"y":750},{"x":536,"y":750},{"x":536,"y":783},{"x":400,"y":783}]},"description":"Operations"},{"boundingPoly":{"vertices":[{"x":972,"y":750},{"x":1056,"y":750},{"x":1056,"y":783},{"x":972,"y":783}]},"description":"Plexus"},{"boundingPoly":{"vertices":[{"x":1064,"y":750},{"x":1073,"y":750},{"x":1073,"y":783},{"x":1064,"y":783}]},"description":"-"},{"boundingPoly":{"vertices":[{"x":1080,"y":750},{"x":1185,"y":750},{"x":1185,"y":783},{"x":1080,"y":783}]},"description":"Neenah,"},{"boundingPoly":{"vertices":[{"x":1193,"y":750},{"x":1227,"y":750},{"x":1227,"y":783},{"x":1193,"y":783}]},"description":"WI"}],[{"boundingPoly":{"vertices":[{"x":204,"y":803},{"x":319,"y":803},{"x":319,"y":835},{"x":204,"y":835}]},"description":"Accounts"},{"boundingPoly":{"vertices":[{"x":326,"y":803},{"x":427,"y":803},{"x":427,"y":835},{"x":326,"y":835}]},"description":"Payable"},{"boundingPoly":{"vertices":[{"x":972,"y":803},{"x":1034,"y":803},{"x":1034,"y":835},{"x":972,"y":835}]},"description":"2444"},{"boundingPoly":{"vertices":[{"x":1042,"y":803},{"x":1133,"y":803},{"x":1133,"y":835},{"x":1042,"y":835}]},"description":"Schultz"},{"boundingPoly":{"vertices":[{"x":1141,"y":803},{"x":1178,"y":803},{"x":1178,"y":835},{"x":1141,"y":835}]},"description":"Dr."}],[{"boundingPoly":{"vertices":[{"x":204,"y":856},{"x":260,"y":856},{"x":260,"y":888},{"x":204,"y":888}]},"description":"P.O."},{"boundingPoly":{"vertices":[{"x":268,"y":856},{"x":316,"y":856},{"x":316,"y":888},{"x":268,"y":888}]},"description":"Box"},{"boundingPoly":{"vertices":[{"x":323,"y":856},{"x":385,"y":856},{"x":385,"y":888},{"x":323,"y":888}]},"description":"2700"},{"boundingPoly":{"vertices":[{"x":972,"y":862},{"x":1111,"y":862},{"x":1111,"y":894},{"x":972,"y":894}]},"description":"Neenah,WI"},{"boundingPoly":{"vertices":[{"x":1119,"y":862},{"x":1196,"y":862},{"x":1196,"y":894},{"x":1119,"y":894}]},"description":"54957"}],[{"boundingPoly":{"vertices":[{"x":204,"y":909},{"x":343,"y":909},{"x":343,"y":941},{"x":204,"y":941}]},"description":"Neenah,WI"},{"boundingPoly":{"vertices":[{"x":351,"y":909},{"x":428,"y":909},{"x":428,"y":941},{"x":351,"y":941}]},"description":"54957"},{"boundingPoly":{"vertices":[{"x":972,"y":915},{"x":1030,"y":915},{"x":1030,"y":947},{"x":972,"y":947}]},"description":"USA"}],[{"boundingPoly":{"vertices":[{"x":204,"y":962},{"x":261,"y":962},{"x":261,"y":994},{"x":204,"y":994}]},"description":"USA"}],[{"boundingPoly":{"vertices":[{"x":75,"y":1078},{"x":124,"y":1078},{"x":124,"y":1112},{"x":75,"y":1112}]},"description":"Loc"},{"boundingPoly":{"vertices":[{"x":132,"y":1078},{"x":169,"y":1078},{"x":169,"y":1112},{"x":132,"y":1112}]},"description":"ID:"},{"boundingPoly":{"vertices":[{"x":267,"y":1078},{"x":327,"y":1078},{"x":327,"y":1112},{"x":267,"y":1112}]},"description":"Ship"},{"boundingPoly":{"vertices":[{"x":334,"y":1078},{"x":433,"y":1078},{"x":433,"y":1112},{"x":334,"y":1112}]},"description":"Method"},{"boundingPoly":{"vertices":[{"x":441,"y":1078},{"x":450,"y":1078},{"x":450,"y":1112},{"x":441,"y":1112}]},"description":":"},{"boundingPoly":{"vertices":[{"x":651,"y":1078},{"x":711,"y":1078},{"x":711,"y":1112},{"x":651,"y":1112}]},"description":"Ship"},{"boundingPoly":{"vertices":[{"x":718,"y":1078},{"x":802,"y":1078},{"x":802,"y":1112},{"x":718,"y":1112}]},"description":"Terms"},{"boundingPoly":{"vertices":[{"x":810,"y":1078},{"x":819,"y":1078},{"x":819,"y":1112},{"x":810,"y":1112}]},"description":":"},{"boundingPoly":{"vertices":[{"x":1035,"y":1078},{"x":1110,"y":1078},{"x":1110,"y":1112},{"x":1035,"y":1112}]},"description":"Order"},{"boundingPoly":{"vertices":[{"x":1118,"y":1078},{"x":1133,"y":1078},{"x":1133,"y":1112},{"x":1118,"y":1112}]},"description":"#"},{"boundingPoly":{"vertices":[{"x":1141,"y":1078},{"x":1150,"y":1078},{"x":1150,"y":1112},{"x":1141,"y":1112}]},"description":":"},{"boundingPoly":{"vertices":[{"x":1227,"y":1078},{"x":1302,"y":1078},{"x":1302,"y":1112},{"x":1227,"y":1112}]},"description":"Order"},{"boundingPoly":{"vertices":[{"x":1310,"y":1078},{"x":1355,"y":1078},{"x":1355,"y":1112},{"x":1310,"y":1112}]},"description":"Ref"},{"boundingPoly":{"vertices":[{"x":1362,"y":1078},{"x":1372,"y":1078},{"x":1372,"y":1112},{"x":1362,"y":1112}]},"description":":"},{"boundingPoly":{"vertices":[{"x":1419,"y":1078},{"x":1479,"y":1078},{"x":1479,"y":1112},{"x":1419,"y":1112}]},"description":"Ship"},{"boundingPoly":{"vertices":[{"x":1487,"y":1078},{"x":1547,"y":1078},{"x":1547,"y":1112},{"x":1487,"y":1112}]},"description":"Date"},{"boundingPoly":{"vertices":[{"x":1554,"y":1078},{"x":1564,"y":1078},{"x":1564,"y":1112},{"x":1554,"y":1112}]},"description":":"}],[{"boundingPoly":{"vertices":[{"x":75,"y":1132},{"x":136,"y":1132},{"x":136,"y":1164},{"x":75,"y":1164}]},"description":"3985"},{"boundingPoly":{"vertices":[{"x":267,"y":1132},{"x":347,"y":1132},{"x":347,"y":1164},{"x":267,"y":1164}]},"description":"FedEx"},{"boundingPoly":{"vertices":[{"x":355,"y":1132},{"x":467,"y":1132},{"x":467,"y":1164},{"x":355,"y":1164}]},"description":"Standard"},{"boundingPoly":{"vertices":[{"x":651,"y":1132},{"x":731,"y":1132},{"x":731,"y":1164},{"x":651,"y":1164}]},"description":"F.O.B."},{"boundingPoly":{"vertices":[{"x":739,"y":1132},{"x":820,"y":1132},{"x":820,"y":1164},{"x":739,"y":1164}]},"description":"Origin,"},{"boundingPoly":{"vertices":[{"x":828,"y":1132},{"x":905,"y":1132},{"x":905,"y":1164},{"x":828,"y":1164}]},"description":"freight"},{"boundingPoly":{"vertices":[{"x":913,"y":1132},{"x":992,"y":1132},{"x":992,"y":1164},{"x":913,"y":1164}]},"description":"collect"},{"boundingPoly":{"vertices":[{"x":1035,"y":1132},{"x":1127,"y":1132},{"x":1127,"y":1164},{"x":1035,"y":1164}]},"description":"253922"},{"boundingPoly":{"vertices":[{"x":1227,"y":1132},{"x":1310,"y":1132},{"x":1310,"y":1164},{"x":1227,"y":1164}]},"description":"Quote:"},{"boundingPoly":{"vertices":[{"x":1316,"y":1132},{"x":1372,"y":1132},{"x":1372,"y":1164},{"x":1316,"y":1164}]},"description":"7865"},{"boundingPoly":{"vertices":[{"x":1419,"y":1132},{"x":1542,"y":1132},{"x":1542,"y":1164},{"x":1419,"y":1164}]},"description":"8/25/2020"}],[{"boundingPoly":{"vertices":[{"x":75,"y":1184},{"x":136,"y":1184},{"x":136,"y":1217},{"x":75,"y":1217}]},"description":"Cust"},{"boundingPoly":{"vertices":[{"x":144,"y":1184},{"x":172,"y":1184},{"x":172,"y":1217},{"x":144,"y":1217}]},"description":"ID"},{"boundingPoly":{"vertices":[{"x":179,"y":1184},{"x":189,"y":1184},{"x":189,"y":1217},{"x":179,"y":1217}]},"description":":"},{"boundingPoly":{"vertices":[{"x":267,"y":1184},{"x":310,"y":1184},{"x":310,"y":1217},{"x":267,"y":1217}]},"description":"Bill"},{"boundingPoly":{"vertices":[{"x":317,"y":1184},{"x":351,"y":1184},{"x":351,"y":1217},{"x":317,"y":1217}]},"description":"To"},{"boundingPoly":{"vertices":[{"x":359,"y":1184},{"x":409,"y":1184},{"x":409,"y":1217},{"x":359,"y":1217}]},"description":"PO:"},{"boundingPoly":{"vertices":[{"x":651,"y":1184},{"x":711,"y":1184},{"x":711,"y":1217},{"x":651,"y":1217}]},"description":"Ship"},{"boundingPoly":{"vertices":[{"x":718,"y":1184},{"x":752,"y":1184},{"x":752,"y":1217},{"x":718,"y":1217}]},"description":"To"},{"boundingPoly":{"vertices":[{"x":760,"y":1184},{"x":800,"y":1184},{"x":800,"y":1217},{"x":760,"y":1217}]},"description":"PO"},{"boundingPoly":{"vertices":[{"x":808,"y":1184},{"x":817,"y":1184},{"x":817,"y":1217},{"x":808,"y":1217}]},"description":":"},{"boundingPoly":{"vertices":[{"x":1035,"y":1184},{"x":1110,"y":1184},{"x":1110,"y":1217},{"x":1035,"y":1217}]},"description":"Order"},{"boundingPoly":{"vertices":[{"x":1118,"y":1184},{"x":1178,"y":1184},{"x":1178,"y":1217},{"x":1118,"y":1217}]},"description":"Date"},{"boundingPoly":{"vertices":[{"x":1186,"y":1184},{"x":1195,"y":1184},{"x":1195,"y":1217},{"x":1186,"y":1217}]},"description":":"},{"boundingPoly":{"vertices":[{"x":1227,"y":1184},{"x":1310,"y":1184},{"x":1310,"y":1217},{"x":1227,"y":1217}]},"description":"Terms"},{"boundingPoly":{"vertices":[{"x":1318,"y":1184},{"x":1327,"y":1184},{"x":1327,"y":1217},{"x":1318,"y":1217}]},"description":":"},{"boundingPoly":{"vertices":[{"x":1419,"y":1184},{"x":1471,"y":1184},{"x":1471,"y":1217},{"x":1419,"y":1217}]},"description":"Due"},{"boundingPoly":{"vertices":[{"x":1479,"y":1184},{"x":1539,"y":1184},{"x":1539,"y":1217},{"x":1479,"y":1217}]},"description":"Date"},{"boundingPoly":{"vertices":[{"x":1547,"y":1184},{"x":1556,"y":1184},{"x":1556,"y":1217},{"x":1547,"y":1217}]},"description":":"}],[{"boundingPoly":{"vertices":[{"x":75,"y":1238},{"x":136,"y":1238},{"x":136,"y":1270},{"x":75,"y":1270}]},"description":"1068"},{"boundingPoly":{"vertices":[{"x":267,"y":1238},{"x":484,"y":1238},{"x":484,"y":1270},{"x":267,"y":1270}]},"description":"12N-8221723-OP"},{"boundingPoly":{"vertices":[{"x":651,"y":1238},{"x":868,"y":1238},{"x":868,"y":1270},{"x":651,"y":1270}]},"description":"12N-8221723-OP"},{"boundingPoly":{"vertices":[{"x":1035,"y":1238},{"x":1158,"y":1238},{"x":1158,"y":1270},{"x":1035,"y":1270}]},"description":"8/21/2020"},{"boundingPoly":{"vertices":[{"x":1227,"y":1238},{"x":1278,"y":1238},{"x":1278,"y":1270},{"x":1227,"y":1270}]},"description":"N60"},{"boundingPoly":{"vertices":[{"x":1419,"y":1238},{"x":1542,"y":1238},{"x":1542,"y":1270},{"x":1419,"y":1270}]},"description":"8/25/2020"}],[{"boundingPoly":{"vertices":[{"x":75,"y":1352},{"x":132,"y":1352},{"x":132,"y":1385},{"x":75,"y":1385}]},"description":"Item"},{"boundingPoly":{"vertices":[{"x":139,"y":1352},{"x":244,"y":1352},{"x":244,"y":1385},{"x":139,"y":1385}]},"description":"Number"},{"boundingPoly":{"vertices":[{"x":252,"y":1352},{"x":261,"y":1352},{"x":261,"y":1385},{"x":252,"y":1385}]},"description":":"},{"boundingPoly":{"vertices":[{"x":410,"y":1352},{"x":467,"y":1352},{"x":467,"y":1385},{"x":410,"y":1385}]},"description":"Item"},{"boundingPoly":{"vertices":[{"x":475,"y":1352},{"x":628,"y":1352},{"x":628,"y":1385},{"x":475,"y":1385}]},"description":"Description"},{"boundingPoly":{"vertices":[{"x":636,"y":1352},{"x":645,"y":1352},{"x":645,"y":1385},{"x":636,"y":1385}]},"description":":"},{"boundingPoly":{"vertices":[{"x":965,"y":1352},{"x":1011,"y":1352},{"x":1011,"y":1385},{"x":965,"y":1385}]},"description":"Qty"},{"boundingPoly":{"vertices":[{"x":1019,"y":1352},{"x":1028,"y":1352},{"x":1028,"y":1385},{"x":1019,"y":1385}]},"description":":"},{"boundingPoly":{"vertices":[{"x":1094,"y":1352},{"x":1148,"y":1352},{"x":1148,"y":1385},{"x":1094,"y":1385}]},"description":"Unit"},{"boundingPoly":{"vertices":[{"x":1156,"y":1352},{"x":1224,"y":1352},{"x":1224,"y":1385},{"x":1156,"y":1385}]},"description":"Price"},{"boundingPoly":{"vertices":[{"x":1231,"y":1352},{"x":1241,"y":1352},{"x":1241,"y":1385},{"x":1231,"y":1385}]},"description":":"},{"boundingPoly":{"vertices":[{"x":1267,"y":1352},{"x":1392,"y":1352},{"x":1392,"y":1385},{"x":1267,"y":1385}]},"description":"Extended"},{"boundingPoly":{"vertices":[{"x":1400,"y":1352},{"x":1409,"y":1352},{"x":1409,"y":1385},{"x":1400,"y":1385}]},"description":":"},{"boundingPoly":{"vertices":[{"x":1476,"y":1352},{"x":1524,"y":1352},{"x":1524,"y":1385},{"x":1476,"y":1385}]},"description":"Tax"},{"boundingPoly":{"vertices":[{"x":1532,"y":1352},{"x":1541,"y":1352},{"x":1541,"y":1385},{"x":1532,"y":1385}]},"description":":"}],[{"boundingPoly":{"vertices":[{"x":75,"y":1406},{"x":240,"y":1406},{"x":240,"y":1438},{"x":75,"y":1438}]},"description":"29sp5.0sl560"},{"boundingPoly":{"vertices":[{"x":410,"y":1406},{"x":486,"y":1406},{"x":486,"y":1438},{"x":410,"y":1438}]},"description":"29x29"},{"boundingPoly":{"vertices":[{"x":494,"y":1406},{"x":568,"y":1406},{"x":568,"y":1438},{"x":494,"y":1438}]},"description":"space"},{"boundingPoly":{"vertices":[{"x":576,"y":1406},{"x":643,"y":1406},{"x":643,"y":1438},{"x":576,"y":1438}]},"description":"saver"},{"boundingPoly":{"vertices":[{"x":651,"y":1406},{"x":728,"y":1406},{"x":728,"y":1438},{"x":651,"y":1438}]},"description":"Silver,"},{"boundingPoly":{"vertices":[{"x":736,"y":1406},{"x":835,"y":1406},{"x":835,"y":1438},{"x":736,"y":1438}]},"description":"22x245"},{"boundingPoly":{"vertices":[{"x":843,"y":1406},{"x":878,"y":1406},{"x":878,"y":1438},{"x":843,"y":1438}]},"description":"mil"}],[{"boundingPoly":{"vertices":[{"x":954,"y":1426},{"x":1039,"y":1426},{"x":1039,"y":1458},{"x":954,"y":1458}]},"description":"1.0000"},{"boundingPoly":{"vertices":[{"x":1102,"y":1426},{"x":1233,"y":1426},{"x":1233,"y":1458},{"x":1102,"y":1458}]},"description":"$200.0000"},{"boundingPoly":{"vertices":[{"x":1288,"y":1426},{"x":1388,"y":1426},{"x":1388,"y":1458},{"x":1288,"y":1458}]},"description":"$200.00"},{"boundingPoly":{"vertices":[{"x":1499,"y":1426},{"x":1518,"y":1426},{"x":1518,"y":1458},{"x":1499,"y":1458}]},"description":"Y"}],[{"boundingPoly":{"vertices":[{"x":75,"y":1447},{"x":246,"y":1447},{"x":246,"y":1479},{"x":75,"y":1479}]},"description":"J20131055SL"},{"boundingPoly":{"vertices":[{"x":410,"y":1447},{"x":450,"y":1447},{"x":450,"y":1479},{"x":410,"y":1479}]},"description":"slic"},{"boundingPoly":{"vertices":[{"x":458,"y":1447},{"x":467,"y":1447},{"x":467,"y":1479},{"x":458,"y":1479}]},"description":"-"},{"boundingPoly":{"vertices":[{"x":475,"y":1447},{"x":836,"y":1447},{"x":836,"y":1479},{"x":475,"y":1479}]},"description":"333-990807-000-12N-A.0-SA"}],[{"boundingPoly":{"vertices":[{"x":993,"y":1563},{"x":1041,"y":1563},{"x":1041,"y":1596},{"x":993,"y":1596}]},"description":"Tax"},{"boundingPoly":{"vertices":[{"x":1049,"y":1563},{"x":1219,"y":1563},{"x":1219,"y":1596},{"x":1049,"y":1596}]},"description":"Total(0.0000)"},{"boundingPoly":{"vertices":[{"x":1301,"y":1564},{"x":1370,"y":1564},{"x":1370,"y":1596},{"x":1301,"y":1596}]},"description":"$0.00"}],[{"boundingPoly":{"vertices":[{"x":993,"y":1611},{"x":1046,"y":1611},{"x":1046,"y":1644},{"x":993,"y":1644}]},"description":"Sub"},{"boundingPoly":{"vertices":[{"x":1054,"y":1611},{"x":1120,"y":1611},{"x":1120,"y":1644},{"x":1054,"y":1644}]},"description":"Total"},{"boundingPoly":{"vertices":[{"x":1128,"y":1611},{"x":1137,"y":1611},{"x":1137,"y":1644},{"x":1128,"y":1644}]},"description":":"},{"boundingPoly":{"vertices":[{"x":1301,"y":1611},{"x":1401,"y":1611},{"x":1401,"y":1644},{"x":1301,"y":1644}]},"description":"$200.00"}],[{"boundingPoly":{"vertices":[{"x":993,"y":1658},{"x":1075,"y":1658},{"x":1075,"y":1691},{"x":993,"y":1691}]},"description":"Grand"},{"boundingPoly":{"vertices":[{"x":1083,"y":1658},{"x":1149,"y":1658},{"x":1149,"y":1691},{"x":1083,"y":1691}]},"description":"Total"},{"boundingPoly":{"vertices":[{"x":1157,"y":1658},{"x":1166,"y":1658},{"x":1166,"y":1691},{"x":1157,"y":1691}]},"description":":"},{"boundingPoly":{"vertices":[{"x":1301,"y":1659},{"x":1401,"y":1659},{"x":1401,"y":1691},{"x":1301,"y":1691}]},"description":"$200.00"}],[{"boundingPoly":{"vertices":[{"x":86,"y":1801},{"x":163,"y":1801},{"x":163,"y":1833},{"x":86,"y":1833}]},"description":"Thank"},{"boundingPoly":{"vertices":[{"x":171,"y":1801},{"x":215,"y":1801},{"x":215,"y":1833},{"x":171,"y":1833}]},"description":"you"},{"boundingPoly":{"vertices":[{"x":223,"y":1801},{"x":255,"y":1801},{"x":255,"y":1833},{"x":223,"y":1833}]},"description":"for"},{"boundingPoly":{"vertices":[{"x":263,"y":1801},{"x":317,"y":1801},{"x":317,"y":1833},{"x":263,"y":1833}]},"description":"your"},{"boundingPoly":{"vertices":[{"x":325,"y":1801},{"x":442,"y":1801},{"x":442,"y":1833},{"x":325,"y":1833}]},"description":"business,"}],[{"boundingPoly":{"vertices":[{"x":86,"y":1842},{"x":183,"y":1842},{"x":183,"y":1874},{"x":86,"y":1874}]},"description":"Country"},{"boundingPoly":{"vertices":[{"x":191,"y":1842},{"x":214,"y":1842},{"x":214,"y":1874},{"x":191,"y":1874}]},"description":"of"},{"boundingPoly":{"vertices":[{"x":221,"y":1842},{"x":303,"y":1842},{"x":303,"y":1874},{"x":221,"y":1874}]},"description":"Origin:"},{"boundingPoly":{"vertices":[{"x":311,"y":1842},{"x":368,"y":1842},{"x":368,"y":1874},{"x":311,"y":1874}]},"description":"USA"},{"boundingPoly":{"vertices":[{"x":376,"y":1842},{"x":385,"y":1842},{"x":385,"y":1874},{"x":376,"y":1874}]},"description":"-"},{"boundingPoly":{"vertices":[{"x":393,"y":1842},{"x":506,"y":1842},{"x":506,"y":1874},{"x":393,"y":1874}]},"description":"BlueRing"},{"boundingPoly":{"vertices":[{"x":513,"y":1842},{"x":610,"y":1842},{"x":610,"y":1874},{"x":513,"y":1874}]},"description":"Stencils"},{"boundingPoly":{"vertices":[{"x":618,"y":1842},{"x":627,"y":1842},{"x":627,"y":1874},{"x":618,"y":1874}]},"description":"-"},{"boundingPoly":{"vertices":[{"x":635,"y":1842},{"x":745,"y":1842},{"x":745,"y":1874},{"x":635,"y":1874}]},"description":"Formerly"},{"boundingPoly":{"vertices":[{"x":752,"y":1842},{"x":806,"y":1842},{"x":806,"y":1874},{"x":752,"y":1874}]},"description":"Fine"},{"boundingPoly":{"vertices":[{"x":814,"y":1842},{"x":867,"y":1842},{"x":867,"y":1874},{"x":814,"y":1874}]},"description":"Line"},{"boundingPoly":{"vertices":[{"x":874,"y":1842},{"x":958,"y":1842},{"x":958,"y":1874},{"x":874,"y":1874}]},"description":"Stencil"},{"boundingPoly":{"vertices":[{"x":966,"y":1842},{"x":1012,"y":1842},{"x":1012,"y":1874},{"x":966,"y":1874}]},"description":"and"},{"boundingPoly":{"vertices":[{"x":1020,"y":1842},{"x":1078,"y":1842},{"x":1078,"y":1874},{"x":1020,"y":1874}]},"description":"MET"}]],"height":2338,"page_rotation":0,"width":1652}]}
