{"ProjectBreakpoints":"{\"Value\":{\"Process.xaml\":[{\"ConditionalExpression\":null,\"ActionExpression\":null,\"ExpectedHitCounter\":null,\"ShouldContinueAfterAction\":false,\"IsEnabled\":true,\"ActivityIdRef\":\"If_2\",\"ActivityId\":\"1.36\",\"ActivityName\":\"If\"},{\"ConditionalExpression\":null,\"ActionExpression\":null,\"ExpectedHitCounter\":null,\"ShouldContinueAfterAction\":false,\"IsEnabled\":true,\"ActivityIdRef\":\"LogMessage_7\",\"ActivityId\":\"1.14\",\"ActivityName\":\"Log Message\"}],\"JDEInvoiceTotalToCalculated.xaml\":[{\"ConditionalExpression\":null,\"ActionExpression\":null,\"ExpectedHitCounter\":null,\"ShouldContinueAfterAction\":false,\"IsEnabled\":true,\"ActivityIdRef\":\"Sequence_2\",\"ActivityId\":\"1.26\",\"ActivityName\":\"Body\"}]}}","ProjectWatches":"{\"Value\":[]}","OpenedDocuments":"[\"Process.xaml\",\"_OutputCreationTest.xaml\",\"_test.xaml\"]"}