{"DocumentId":"CAMTRONICS SDN BHD_V#1156173.pdf","ResultsVersion":0,"ResultsDocument":{"Bounds":{"StartPage":0,"PageCount":1,"TextStartIndex":0,"TextLength":1270},"Language":"eng","DocumentGroup":"Semi-StructuredDocuments","DocumentCategory":"Financial","DocumentTypeId":"Semi-StructuredDocuments.Financial.Invoice","DocumentTypeName":"Invoice","DocumentTypeDataVersion":0,"DataVersion":0,"DocumentTypeSource":"Automatic","DocumentTypeField":{"Components":[],"Value":"Invoice","Reference":{"TextStartIndex":0,"TextLength":0,"Tokens":[]},"DerivedFields":[],"Confidence":1.0,"OperatorConfirmed":false,"OcrConfidence":-1.0},"Fields":[{"FieldId":"Semi-StructuredDocuments.Financial.Invoice.InvoiceExceptionDetails","FieldName":"Invoice Exception Details","FieldType":"Text","IsMissing":true,"DataSource":"Automatic","Values":[],"DataVersion":0,"OperatorConfirmed":false},{"FieldId":"Semi-StructuredDocuments.Financial.Invoice.Name","FieldName":"Name","FieldType":"Text","IsMissing":false,"DataSource":"Automatic","Values":[{"Components":[],"Value":"CAMTRONICS SDN. BHD.","Reference":{"TextStartIndex":0,"TextLength":20,"Tokens":[{"TextStartIndex":0,"TextLength":10,"Page":0,"PageWidth":612.0,"PageHeight":792.0,"Boxes":[[6.48,225.72,97.2,16.2]]},{"TextStartIndex":11,"TextLength":4,"Page":0,"PageWidth":612.0,"PageHeight":792.0,"Boxes":[[6.48,326.52,31.32,16.2]]},{"TextStartIndex":16,"TextLength":4,"Page":0,"PageWidth":612.0,"PageHeight":792.0,"Boxes":[[6.48,361.44,33.84,16.2]]}]},"DerivedFields":[],"Confidence":0.949008942,"OperatorConfirmed":false,"OcrConfidence":1.0}],"DataVersion":0,"OperatorConfirmed":false},{"FieldId":"Semi-StructuredDocuments.Financial.Invoice.Date","FieldName":"Date","FieldType":"Date","IsMissing":false,"DataSource":"Automatic","Values":[{"Components":[],"Value":"2019-11-01","Reference":{"TextStartIndex":676,"TextLength":11,"Tokens":[{"TextStartIndex":676,"TextLength":11,"Page":0,"PageWidth":612.0,"PageHeight":792.0,"Boxes":[[128.52,497.52,43.2,9.0]]}]},"DerivedFields":[{"FieldId":"Year","Value":"2019"},{"FieldId":"Month","Value":"11"},{"FieldId":"Day","Value":"1"}],"Confidence":0.943140566,"OperatorConfirmed":false,"OcrConfidence":1.0}],"DataVersion":0,"OperatorConfirmed":false},{"FieldId":"Semi-StructuredDocuments.Financial.Invoice.InvoiceNo","FieldName":"Invoice No.","FieldType":"Text","IsMissing":false,"DataSource":"Automatic","Values":[{"Components":[],"Value":"IN0019110385","Reference":{"TextStartIndex":655,"TextLength":12,"Tokens":[{"TextStartIndex":655,"TextLength":12,"Page":0,"PageWidth":612.0,"PageHeight":792.0,"Boxes":[[112.32,497.52,48.6,9.0]]}]},"DerivedFields":[],"Confidence":0.6427163,"OperatorConfirmed":false,"OcrConfidence":1.0}],"DataVersion":0,"OperatorConfirmed":false},{"FieldId":"Semi-StructuredDocuments.Financial.Invoice.PONo","FieldName":"PO Number","FieldType":"Text","IsMissing":true,"DataSource":"Automatic","Values":[],"DataVersion":0,"OperatorConfirmed":false},{"FieldId":"Semi-StructuredDocuments.Financial.Invoice.TaxAmount","FieldName":"Tax Amount","FieldType":"Text","IsMissing":false,"DataSource":"Automatic","Values":[{"Components":[],"Value":"0.00","Reference":{"TextStartIndex":965,"TextLength":4,"Tokens":[{"TextStartIndex":965,"TextLength":4,"Page":0,"PageWidth":612.0,"PageHeight":792.0,"Boxes":[[680.04,501.48,14.04,8.64]]}]},"DerivedFields":[],"Confidence":0.8725466,"OperatorConfirmed":false,"OcrConfidence":1.0}],"DataVersion":0,"OperatorConfirmed":false},{"FieldId":"Semi-StructuredDocuments.Financial.Invoice.ShippingCharges","FieldName":"Shipping Charges","FieldType":"Text","IsMissing":true,"DataSource":"Automatic","Values":[],"DataVersion":0,"OperatorConfirmed":false},{"FieldId":"Semi-StructuredDocuments.Financial.Invoice.Total","FieldName":"Invoice Total","FieldType":"Text","IsMissing":false,"DataSource":"Automatic","Values":[{"Components":[],"Value":"1802.88","Reference":{"TextStartIndex":1002,"TextLength":8,"Tokens":[{"TextStartIndex":1002,"TextLength":8,"Page":0,"PageWidth":612.0,"PageHeight":792.0,"Boxes":[[694.8,487.44,28.08,9.0]]}]},"DerivedFields":[],"Confidence":0.898560166,"OperatorConfirmed":false,"OcrConfidence":1.0}],"DataVersion":0,"OperatorConfirmed":false},{"FieldId":"Semi-StructuredDocuments.Financial.Invoice.Currency","FieldName":"Currency","FieldType":"Text","IsMissing":false,"DataSource":"Automatic","Values":[{"Components":[],"Value":"USD","Reference":{"TextStartIndex":0,"TextLength":0,"Tokens":[]},"DerivedFields":[],"Confidence":0.716,"OperatorConfirmed":false,"OcrConfidence":-1.0}],"DataVersion":0,"OperatorConfirmed":false},{"FieldId":"Semi-StructuredDocuments.Financial.Invoice.VendorVatNo","FieldName":"Vendor VAT No.","FieldType":"Text","IsMissing":true,"DataSource":"Automatic","Values":[],"DataVersion":0,"OperatorConfirmed":false},{"FieldId":"Semi-StructuredDocuments.Financial.Invoice.ShipFromCountry","FieldName":"Ship From Country","FieldType":"Text","IsMissing":true,"DataSource":"Automatic","Values":[],"DataVersion":0,"OperatorConfirmed":false},{"FieldId":"Semi-StructuredDocuments.Financial.Invoice.Items","FieldName":"Items","FieldType":"Table","IsMissing":false,"DataSource":"Automatic","Values":[{"Components":[{"FieldId":"Semi-StructuredDocuments.Financial.Invoice.Items.Header","FieldName":"Header","FieldType":"Internal","IsMissing":false,"DataSource":"Automatic","Values":[{"Components":[{"FieldId":"Semi-StructuredDocuments.Financial.Invoice.Items.PartNo","FieldName":"Part No.","FieldType":"Text","IsMissing":false,"DataSource":"Automatic","Values":[{"Components":[],"Value":"Part No.","Reference":{"TextStartIndex":0,"TextLength":0,"Tokens":[]},"DerivedFields":[],"Confidence":-1.0,"OperatorConfirmed":false,"OcrConfidence":-1.0}],"DataVersion":0,"OperatorConfirmed":false},{"FieldId":"Semi-StructuredDocuments.Financial.Invoice.Items.Description","FieldName":"Description","FieldType":"Text","IsMissing":false,"DataSource":"Automatic","Values":[{"Components":[],"Value":"Description","Reference":{"TextStartIndex":0,"TextLength":0,"Tokens":[]},"DerivedFields":[],"Confidence":-1.0,"OperatorConfirmed":false,"OcrConfidence":-1.0}],"DataVersion":0,"OperatorConfirmed":false},{"FieldId":"Semi-StructuredDocuments.Financial.Invoice.Items.Qty","FieldName":"Quantity","FieldType":"Number","IsMissing":false,"DataSource":"Automatic","Values":[{"Components":[],"Value":"Quantity","Reference":{"TextStartIndex":0,"TextLength":0,"Tokens":[]},"DerivedFields":[],"Confidence":-1.0,"OperatorConfirmed":false,"OcrConfidence":-1.0}],"DataVersion":0,"OperatorConfirmed":false},{"FieldId":"Semi-StructuredDocuments.Financial.Invoice.Items.UnitPrice","FieldName":"Unit Price","FieldType":"Text","IsMissing":false,"DataSource":"Automatic","Values":[{"Components":[],"Value":"Unit Price","Reference":{"TextStartIndex":0,"TextLength":0,"Tokens":[]},"DerivedFields":[],"Confidence":-1.0,"OperatorConfirmed":false,"OcrConfidence":-1.0}],"DataVersion":0,"OperatorConfirmed":false},{"FieldId":"Semi-StructuredDocuments.Financial.Invoice.Items.Amount","FieldName":"Line Extended Amount","FieldType":"Text","IsMissing":false,"DataSource":"Automatic","Values":[{"Components":[],"Value":"Line Extended Amount","Reference":{"TextStartIndex":0,"TextLength":0,"Tokens":[]},"DerivedFields":[],"Confidence":-1.0,"OperatorConfirmed":false,"OcrConfidence":-1.0}],"DataVersion":0,"OperatorConfirmed":false},{"FieldId":"Semi-StructuredDocuments.Financial.Invoice.Items.ItemPONo","FieldName":"Item PO No.","FieldType":"Text","IsMissing":false,"DataSource":"Automatic","Values":[{"Components":[],"Value":"Item PO No.","Reference":{"TextStartIndex":0,"TextLength":0,"Tokens":[]},"DerivedFields":[],"Confidence":-1.0,"OperatorConfirmed":false,"OcrConfidence":-1.0}],"DataVersion":0,"OperatorConfirmed":false}],"Value":"","Reference":{"TextStartIndex":0,"TextLength":0,"Tokens":[]},"DerivedFields":[],"Confidence":-1.0,"OperatorConfirmed":false,"OcrConfidence":-1.0}],"DataVersion":0,"OperatorConfirmed":false},{"FieldId":"Semi-StructuredDocuments.Financial.Invoice.Items.Body","FieldName":"Body","FieldType":"Internal","IsMissing":false,"DataSource":"Automatic","Values":[{"Components":[{"FieldId":"Semi-StructuredDocuments.Financial.Invoice.Items.PartNo","FieldName":"Part No.","FieldType":"Text","IsMissing":false,"DataSource":"Automatic","Values":[{"Components":[],"Value":"1013-753-01-886","Reference":{"TextStartIndex":456,"TextLength":15,"Tokens":[{"TextStartIndex":456,"TextLength":15,"Page":0,"PageWidth":612.0,"PageHeight":792.0,"Boxes":[[276.84,96.48,55.8,9.0]]}]},"DerivedFields":[],"Confidence":0.943208337,"OperatorConfirmed":false,"OcrConfidence":1.0}],"DataVersion":0,"OperatorConfirmed":false},{"FieldId":"Semi-StructuredDocuments.Financial.Invoice.Items.Description","FieldName":"Description","FieldType":"Text","IsMissing":false,"DataSource":"Automatic","Values":[{"Components":[],"Value":"1013-753-01-886 STD-ASSY-CA REAC DOOR CL","Reference":{"TextStartIndex":456,"TextLength":40,"Tokens":[{"TextStartIndex":456,"TextLength":15,"Page":0,"PageWidth":612.0,"PageHeight":792.0,"Boxes":[[276.84,96.48,55.8,9.0]]},{"TextStartIndex":472,"TextLength":11,"Page":0,"PageWidth":612.0,"PageHeight":792.0,"Boxes":[[276.84,154.44,51.84,9.0]]},{"TextStartIndex":484,"TextLength":4,"Page":0,"PageWidth":612.0,"PageHeight":792.0,"Boxes":[[276.84,208.44,21.24,9.0]]},{"TextStartIndex":489,"TextLength":4,"Page":0,"PageWidth":612.0,"PageHeight":792.0,"Boxes":[[276.84,231.48,22.68,9.0]]},{"TextStartIndex":494,"TextLength":2,"Page":0,"PageWidth":612.0,"PageHeight":792.0,"Boxes":[[276.84,256.32,10.08,9.0]]}]},"DerivedFields":[],"Confidence":0.46838057,"OperatorConfirmed":false,"OcrConfidence":1.0}],"DataVersion":0,"OperatorConfirmed":false},{"FieldId":"Semi-StructuredDocuments.Financial.Invoice.Items.Qty","FieldName":"Quantity","FieldType":"Number","IsMissing":false,"DataSource":"Automatic","Values":[{"Components":[],"Value":"6.00","Reference":{"TextStartIndex":623,"TextLength":4,"Tokens":[{"TextStartIndex":623,"TextLength":4,"Page":0,"PageWidth":612.0,"PageHeight":792.0,"Boxes":[[259.2,353.52,14.04,9.0]]}]},"DerivedFields":[{"FieldId":"Value","Value":"6.00"}],"Confidence":0.9408432,"OperatorConfirmed":false,"OcrConfidence":1.0}],"DataVersion":0,"OperatorConfirmed":false},{"FieldId":"Semi-StructuredDocuments.Financial.Invoice.Items.UnitPrice","FieldName":"Unit Price","FieldType":"Text","IsMissing":false,"DataSource":"Automatic","Values":[{"Components":[],"Value":"203.040","Reference":{"TextStartIndex":728,"TextLength":7,"Tokens":[{"TextStartIndex":728,"TextLength":7,"Page":0,"PageWidth":612.0,"PageHeight":792.0,"Boxes":[[259.2,441.36,25.92,9.0]]}]},"DerivedFields":[],"Confidence":0.973236859,"OperatorConfirmed":false,"OcrConfidence":1.0}],"DataVersion":0,"OperatorConfirmed":false},{"FieldId":"Semi-StructuredDocuments.Financial.Invoice.Items.Amount","FieldName":"Line Extended Amount","FieldType":"Text","IsMissing":false,"DataSource":"Automatic","Values":[{"Components":[],"Value":"1218.24","Reference":{"TextStartIndex":737,"TextLength":8,"Tokens":[{"TextStartIndex":737,"TextLength":8,"Page":0,"PageWidth":612.0,"PageHeight":792.0,"Boxes":[[259.2,507.96,28.08,9.0]]}]},"DerivedFields":[],"Confidence":0.9640097,"OperatorConfirmed":false,"OcrConfidence":1.0}],"DataVersion":0,"OperatorConfirmed":false},{"FieldId":"Semi-StructuredDocuments.Financial.Invoice.Items.ItemPONo","FieldName":"Item PO No.","FieldType":"Text","IsMissing":false,"DataSource":"Automatic","Values":[{"Components":[],"Value":"886-7305652-OP","Reference":{"TextStartIndex":437,"TextLength":18,"Tokens":[{"TextStartIndex":437,"TextLength":18,"Page":0,"PageWidth":612.0,"PageHeight":792.0,"Boxes":[[259.2,96.48,70.2,9.0]]}]},"DerivedFields":[],"Confidence":0.98583734,"OperatorConfirmed":false,"OcrConfidence":1.0}],"DataVersion":0,"OperatorConfirmed":false}],"Value":"","Reference":{"TextStartIndex":0,"TextLength":0,"Tokens":[]},"DerivedFields":[],"Confidence":0.46838057,"OperatorConfirmed":false,"OcrConfidence":-1.0},{"Components":[{"FieldId":"Semi-StructuredDocuments.Financial.Invoice.Items.PartNo","FieldName":"Part No.","FieldType":"Text","IsMissing":false,"DataSource":"Automatic","Values":[{"Components":[],"Value":"02-321141D02-886","Reference":{"TextStartIndex":519,"TextLength":16,"Tokens":[{"TextStartIndex":519,"TextLength":16,"Page":0,"PageWidth":612.0,"PageHeight":792.0,"Boxes":[[312.48,96.48,63.0,9.0]]}]},"DerivedFields":[],"Confidence":0.7934712,"OperatorConfirmed":false,"OcrConfidence":1.0}],"DataVersion":0,"OperatorConfirmed":false},{"FieldId":"Semi-StructuredDocuments.Financial.Invoice.Items.Description","FieldName":"Description","FieldType":"Text","IsMissing":false,"DataSource":"Automatic","Values":[{"Components":[],"Value":"STD-ASSY-CA WHS INTFC B","Reference":{"TextStartIndex":536,"TextLength":23,"Tokens":[{"TextStartIndex":536,"TextLength":11,"Page":0,"PageWidth":612.0,"PageHeight":792.0,"Boxes":[[312.48,161.28,52.2,9.0]]},{"TextStartIndex":548,"TextLength":3,"Page":0,"PageWidth":612.0,"PageHeight":792.0,"Boxes":[[312.48,215.28,18.0,9.0]]},{"TextStartIndex":552,"TextLength":5,"Page":0,"PageWidth":612.0,"PageHeight":792.0,"Boxes":[[312.48,235.08,23.04,9.0]]},{"TextStartIndex":558,"TextLength":1,"Page":0,"PageWidth":612.0,"PageHeight":792.0,"Boxes":[[312.48,260.28,5.4,9.0]]}]},"DerivedFields":[],"Confidence":0.9236801,"OperatorConfirmed":false,"OcrConfidence":1.0}],"DataVersion":0,"OperatorConfirmed":false},{"FieldId":"Semi-StructuredDocuments.Financial.Invoice.Items.Qty","FieldName":"Quantity","FieldType":"Number","IsMissing":false,"DataSource":"Automatic","Values":[{"Components":[],"Value":"4.00","Reference":{"TextStartIndex":631,"TextLength":4,"Tokens":[{"TextStartIndex":631,"TextLength":4,"Page":0,"PageWidth":612.0,"PageHeight":792.0,"Boxes":[[294.84,353.52,14.04,9.0]]}]},"DerivedFields":[{"FieldId":"Value","Value":"4.00"}],"Confidence":0.9696277,"OperatorConfirmed":false,"OcrConfidence":1.0}],"DataVersion":0,"OperatorConfirmed":false},{"FieldId":"Semi-StructuredDocuments.Financial.Invoice.Items.UnitPrice","FieldName":"Unit Price","FieldType":"Text","IsMissing":false,"DataSource":"Automatic","Values":[{"Components":[],"Value":"49.320","Reference":{"TextStartIndex":757,"TextLength":6,"Tokens":[{"TextStartIndex":757,"TextLength":6,"Page":0,"PageWidth":612.0,"PageHeight":792.0,"Boxes":[[294.84,445.32,21.96,9.0]]}]},"DerivedFields":[],"Confidence":0.9760399,"OperatorConfirmed":false,"OcrConfidence":1.0}],"DataVersion":0,"OperatorConfirmed":false},{"FieldId":"Semi-StructuredDocuments.Financial.Invoice.Items.Amount","FieldName":"Line Extended Amount","FieldType":"Text","IsMissing":false,"DataSource":"Automatic","Values":[{"Components":[],"Value":"197.28","Reference":{"TextStartIndex":765,"TextLength":6,"Tokens":[{"TextStartIndex":765,"TextLength":6,"Page":0,"PageWidth":612.0,"PageHeight":792.0,"Boxes":[[294.84,514.08,21.96,9.0]]}]},"DerivedFields":[],"Confidence":0.947323561,"OperatorConfirmed":false,"OcrConfidence":1.0}],"DataVersion":0,"OperatorConfirmed":false},{"FieldId":"Semi-StructuredDocuments.Financial.Invoice.Items.ItemPONo","FieldName":"Item PO No.","FieldType":"Text","IsMissing":false,"DataSource":"Automatic","Values":[{"Components":[],"Value":"886-7305652-OP","Reference":{"TextStartIndex":500,"TextLength":18,"Tokens":[{"TextStartIndex":500,"TextLength":18,"Page":0,"PageWidth":612.0,"PageHeight":792.0,"Boxes":[[294.84,96.48,70.2,9.0]]}]},"DerivedFields":[],"Confidence":0.980865061,"OperatorConfirmed":false,"OcrConfidence":1.0}],"DataVersion":0,"OperatorConfirmed":false}],"Value":"","Reference":{"TextStartIndex":0,"TextLength":0,"Tokens":[]},"DerivedFields":[],"Confidence":0.7934712,"OperatorConfirmed":false,"OcrConfidence":-1.0},{"Components":[{"FieldId":"Semi-StructuredDocuments.Financial.Invoice.Items.PartNo","FieldName":"Part No.","FieldType":"Text","IsMissing":false,"DataSource":"Automatic","Values":[{"Components":[],"Value":"02-322726C04-886","Reference":{"TextStartIndex":582,"TextLength":16,"Tokens":[{"TextStartIndex":582,"TextLength":16,"Page":0,"PageWidth":612.0,"PageHeight":792.0,"Boxes":[[348.12,96.48,62.64,9.0]]}]},"DerivedFields":[],"Confidence":0.94153595,"OperatorConfirmed":false,"OcrConfidence":1.0}],"DataVersion":0,"OperatorConfirmed":false},{"FieldId":"Semi-StructuredDocuments.Financial.Invoice.Items.Description","FieldName":"Description","FieldType":"Text","IsMissing":false,"DataSource":"Automatic","Values":[{"Components":[],"Value":"STD-ASSY-CA RIBBON SIB","Reference":{"TextStartIndex":599,"TextLength":22,"Tokens":[{"TextStartIndex":599,"TextLength":11,"Page":0,"PageWidth":612.0,"PageHeight":792.0,"Boxes":[[348.12,160.92,52.2,9.0]]},{"TextStartIndex":611,"TextLength":6,"Page":0,"PageWidth":612.0,"PageHeight":792.0,"Boxes":[[348.12,214.92,30.24,9.0]]},{"TextStartIndex":618,"TextLength":3,"Page":0,"PageWidth":612.0,"PageHeight":792.0,"Boxes":[[348.12,247.32,12.24,9.0]]}]},"DerivedFields":[],"Confidence":0.758368134,"OperatorConfirmed":false,"OcrConfidence":1.0}],"DataVersion":0,"OperatorConfirmed":false},{"FieldId":"Semi-StructuredDocuments.Financial.Invoice.Items.Qty","FieldName":"Quantity","FieldType":"Number","IsMissing":false,"DataSource":"Automatic","Values":[{"Components":[],"Value":"4.00","Reference":{"TextStartIndex":639,"TextLength":4,"Tokens":[{"TextStartIndex":639,"TextLength":4,"Page":0,"PageWidth":612.0,"PageHeight":792.0,"Boxes":[[330.48,353.52,14.04,9.0]]}]},"DerivedFields":[{"FieldId":"Value","Value":"4.00"}],"Confidence":0.987123,"OperatorConfirmed":false,"OcrConfidence":1.0}],"DataVersion":0,"OperatorConfirmed":false},{"FieldId":"Semi-StructuredDocuments.Financial.Invoice.Items.UnitPrice","FieldName":"Unit Price","FieldType":"Text","IsMissing":false,"DataSource":"Automatic","Values":[{"Components":[],"Value":"96.840","Reference":{"TextStartIndex":781,"TextLength":6,"Tokens":[{"TextStartIndex":781,"TextLength":6,"Page":0,"PageWidth":612.0,"PageHeight":792.0,"Boxes":[[330.48,445.32,21.96,9.0]]}]},"DerivedFields":[],"Confidence":0.9780066,"OperatorConfirmed":false,"OcrConfidence":1.0}],"DataVersion":0,"OperatorConfirmed":false},{"FieldId":"Semi-StructuredDocuments.Financial.Invoice.Items.Amount","FieldName":"Line Extended Amount","FieldType":"Text","IsMissing":false,"DataSource":"Automatic","Values":[{"Components":[],"Value":"387.36","Reference":{"TextStartIndex":789,"TextLength":6,"Tokens":[{"TextStartIndex":789,"TextLength":6,"Page":0,"PageWidth":612.0,"PageHeight":792.0,"Boxes":[[330.48,514.08,21.96,9.0]]}]},"DerivedFields":[],"Confidence":0.9638028,"OperatorConfirmed":false,"OcrConfidence":1.0}],"DataVersion":0,"OperatorConfirmed":false},{"FieldId":"Semi-StructuredDocuments.Financial.Invoice.Items.ItemPONo","FieldName":"Item PO No.","FieldType":"Text","IsMissing":false,"DataSource":"Automatic","Values":[{"Components":[],"Value":"886-7305652-OP","Reference":{"TextStartIndex":563,"TextLength":18,"Tokens":[{"TextStartIndex":563,"TextLength":18,"Page":0,"PageWidth":612.0,"PageHeight":792.0,"Boxes":[[330.48,96.48,70.2,9.0]]}]},"DerivedFields":[],"Confidence":0.981365144,"OperatorConfirmed":false,"OcrConfidence":1.0}],"DataVersion":0,"OperatorConfirmed":false}],"Value":"","Reference":{"TextStartIndex":0,"TextLength":0,"Tokens":[]},"DerivedFields":[],"Confidence":0.758368134,"OperatorConfirmed":false,"OcrConfidence":-1.0}],"DataVersion":0,"OperatorConfirmed":false}],"Value":"","Reference":{"TextStartIndex":0,"TextLength":0,"Tokens":[]},"DerivedFields":[],"Confidence":0.46838057,"OperatorConfirmed":false,"OcrConfidence":-1.0}],"DataVersion":0,"OperatorConfirmed":false}]},"ExtractorPayloads":[]}