<?xml version='1.0' ?>
<versionseries>
	<version>
		<properties>
			<property name="BatchNo">20190401.000297</property>
			<property name="BranchPlant">604</property>
			<property name="DocType">Invoice</property>
			<property name="InvoiceNumber">126345</property>
			<property name="InvoiceType">PO</property>
			<property name="PONumber">7041504</property>
			<property name="POPrefix"/>
			<property name="POSource">JD Edwards</property>
			<property name="POSuffix"/>
			<property name="SBU">EA</property>
			<property name="Vendor">TOTAL TECHNOLOGIES LTD</property>
			<property name="VendorNumber">38475</property>
			<property name="InvoiceTotal">1455.20</property>
			<property name="Freight">0.00</property>
			<property name="Tax">0.00</property>
			<property name="TaxAmount">0.00</property>
			<property name="TaxableAmount">0.00</property>
			<property name="TaxCurrencyExchangeRate">1.0</property>
			<property name="TaxRate">0.0</property>
			<property name="InvoiceDate">03/19/0219</property>
			<property name="VerifiedBy">wei-kuan.woo</property>
			<property name="Region">NA</property>
			<property name="Currency">USD</property>
			<property name="Language">NA_Email</property>
		</properties>
		<pages>
			<page>20190401.000297.08010000.tif</page>
		</pages>
	</version>
</versionseries>