{"DocumentId":"37389173.pdf","ResultsVersion":1,"ResultsDocument":{"Bounds":{"StartPage":0,"PageCount":1,"TextStartIndex":0,"TextLength":1747},"Language":"eng","DocumentGroup":"Semi-StructuredDocuments","DocumentCategory":"Financial","DocumentTypeId":"Semi-StructuredDocuments.Financial.Invoice_APAC","DocumentTypeName":"Invoice_APAC","DocumentTypeDataVersion":0,"DataVersion":1,"DocumentTypeSource":"Automatic","DocumentTypeField":{"Components":[],"Value":"Invoice_APAC","Reference":{"TextStartIndex":0,"TextLength":0,"Tokens":[]},"DerivedFields":[],"Confidence":1.0,"OperatorConfirmed":true,"OcrConfidence":1.0},"Fields":[{"FieldId":"Semi-StructuredDocuments.Financial.Invoice_APAC.InvoiceExceptionDetails","FieldName":"Invoice Exception Details","FieldType":"Text","IsMissing":true,"DataSource":"Automatic","Values":[],"DataVersion":0,"OperatorConfirmed":true},{"FieldId":"Semi-StructuredDocuments.Financial.Invoice_APAC.Name","FieldName":"Name","FieldType":"Text","IsMissing":false,"DataSource":"Automatic","Values":[{"Components":[],"Value":"Components Sdn","Reference":{"TextStartIndex":3,"TextLength":14,"Tokens":[{"TextStartIndex":3,"TextLength":10,"Page":0,"PageWidth":595.0,"PageHeight":842.0,"Boxes":[[26.28,119.16,35.28,7.56]]},{"TextStartIndex":14,"TextLength":3,"Page":0,"PageWidth":595.0,"PageHeight":842.0,"Boxes":[[26.28,156.24,11.16,7.56]]}]},"DerivedFields":[],"Confidence":1.0,"OperatorConfirmed":true,"OcrConfidence":1.0}],"DataVersion":0,"OperatorConfirmed":true},{"FieldId":"Semi-StructuredDocuments.Financial.Invoice_APAC.Date","FieldName":"Date","FieldType":"Date","IsMissing":false,"DataSource":"Automatic","Values":[{"Components":[],"Value":"2020-12-23","Reference":{"TextStartIndex":466,"TextLength":10,"Tokens":[{"TextStartIndex":466,"TextLength":10,"Page":0,"PageWidth":595.0,"PageHeight":842.0,"Boxes":[[39.24,450.36,36.0,9.0]]}]},"DerivedFields":[{"FieldId":"Day","Value":"23"},{"FieldId":"Month","Value":"12"},{"FieldId":"Year","Value":"2020"}],"Confidence":1.0,"OperatorConfirmed":true,"OcrConfidence":1.0}],"DataVersion":0,"OperatorConfirmed":true},{"FieldId":"Semi-StructuredDocuments.Financial.Invoice_APAC.InvoiceNo","FieldName":"Invoice No.","FieldType":"Text","IsMissing":false,"DataSource":"Automatic","Values":[{"Components":[],"Value":"37389173","Reference":{"TextStartIndex":487,"TextLength":8,"Tokens":[{"TextStartIndex":487,"TextLength":8,"Page":0,"PageWidth":595.0,"PageHeight":842.0,"Boxes":[[54.72,450.36,32.04,9.36]]}]},"DerivedFields":[],"Confidence":1.0,"OperatorConfirmed":true,"OcrConfidence":1.0}],"DataVersion":0,"OperatorConfirmed":true},{"FieldId":"Semi-StructuredDocuments.Financial.Invoice_APAC.PONumber","FieldName":"PO Number","FieldType":"Text","IsMissing":false,"DataSource":"Manual","Values":[{"Components":[],"Value":"T13003123","Reference":{"TextStartIndex":339,"TextLength":9,"Tokens":[{"TextStartIndex":339,"TextLength":9,"Page":0,"PageWidth":595.0,"PageHeight":842.0,"Boxes":[[276.316,31.2,36.864,8.928]]}]},"DerivedFields":[],"Confidence":1.0,"OperatorConfirmed":true,"OcrConfidence":1.0}],"DataVersion":1,"OperatorConfirmed":true},{"FieldId":"Semi-StructuredDocuments.Financial.Invoice_APAC.TaxAmount","FieldName":"Tax Amount","FieldType":"Text","IsMissing":true,"DataSource":"Automatic","Values":[],"DataVersion":0,"OperatorConfirmed":true},{"FieldId":"Semi-StructuredDocuments.Financial.Invoice_APAC.ShippingCharges","FieldName":"Shipping Charges","FieldType":"Text","IsMissing":true,"DataSource":"Automatic","Values":[],"DataVersion":0,"OperatorConfirmed":true},{"FieldId":"Semi-StructuredDocuments.Financial.Invoice_APAC.InvoiceTotal","FieldName":"Invoice Total","FieldType":"Text","IsMissing":false,"DataSource":"Automatic","Values":[{"Components":[],"Value":"85.95","Reference":{"TextStartIndex":1398,"TextLength":5,"Tokens":[{"TextStartIndex":1398,"TextLength":5,"Page":0,"PageWidth":595.0,"PageHeight":842.0,"Boxes":[[578.52,535.32,18.0,9.0]]}]},"DerivedFields":[],"Confidence":1.0,"OperatorConfirmed":true,"OcrConfidence":1.0}],"DataVersion":0,"OperatorConfirmed":true},{"FieldId":"Semi-StructuredDocuments.Financial.Invoice_APAC.Currency","FieldName":"Currency","FieldType":"Text","IsMissing":false,"DataSource":"Automatic","Values":[{"Components":[],"Value":"USD","Reference":{"TextStartIndex":0,"TextLength":0,"Tokens":[]},"DerivedFields":[],"Confidence":1.0,"OperatorConfirmed":true,"OcrConfidence":1.0}],"DataVersion":0,"OperatorConfirmed":true},{"FieldId":"Semi-StructuredDocuments.Financial.Invoice_APAC.TaxAmountLocalCurrency","FieldName":"Tax Amount Local Currency","FieldType":"Text","IsMissing":true,"DataSource":"Automatic","Values":[],"DataVersion":0,"OperatorConfirmed":true},{"FieldId":"Semi-StructuredDocuments.Financial.Invoice_APAC.TaxableAmountLocalCurrency","FieldName":"Taxable Amount Local Currency","FieldType":"Text","IsMissing":false,"DataSource":"Automatic","Values":[{"Components":[],"Value":"85.95","Reference":{"TextStartIndex":1157,"TextLength":38,"Tokens":[{"TextStartIndex":1157,"TextLength":5,"Page":0,"PageWidth":595.0,"PageHeight":842.0,"Boxes":[[545.04,71.28,18.0,9.0]]},{"TextStartIndex":1190,"TextLength":5,"Page":0,"PageWidth":595.0,"PageHeight":842.0,"Boxes":[[545.04,129.24,18.0,9.0]]}]},"DerivedFields":[],"Confidence":1.0,"OperatorConfirmed":true,"OcrConfidence":1.0}],"DataVersion":0,"OperatorConfirmed":true},{"FieldId":"Semi-StructuredDocuments.Financial.Invoice_APAC.TaxCurrencyExchangeRate","FieldName":"Tax Currency Exchange Rate","FieldType":"Text","IsMissing":true,"DataSource":"Automatic","Values":[],"DataVersion":0,"OperatorConfirmed":true},{"FieldId":"Semi-StructuredDocuments.Financial.Invoice_APAC.TaxRate","FieldName":"Tax Rate","FieldType":"Text","IsMissing":true,"DataSource":"Automatic","Values":[],"DataVersion":0,"OperatorConfirmed":true},{"FieldId":"Semi-StructuredDocuments.Financial.Invoice_APAC.Tariff","FieldName":"Tariff","FieldType":"Text","IsMissing":true,"DataSource":"Automatic","Values":[],"DataVersion":0,"OperatorConfirmed":true},{"FieldId":"Semi-StructuredDocuments.Financial.Invoice_APAC.Items","FieldName":"Items","FieldType":"Table","IsMissing":false,"DataSource":"ManuallyChanged","Values":[{"Components":[{"FieldId":"Semi-StructuredDocuments.Financial.Invoice_APAC.Items.Header","FieldName":"Header","FieldType":"Internal","IsMissing":false,"DataSource":"Automatic","Values":[{"Components":[{"FieldId":"Semi-StructuredDocuments.Financial.Invoice_APAC.Items.PartNo","FieldName":"Part No.","FieldType":"Text","IsMissing":false,"DataSource":"Automatic","Values":[{"Components":[],"Value":"Part No.","Reference":{"TextStartIndex":0,"TextLength":0,"Tokens":[]},"DerivedFields":[],"Confidence":1.0,"OperatorConfirmed":true,"OcrConfidence":1.0}],"DataVersion":0,"OperatorConfirmed":true},{"FieldId":"Semi-StructuredDocuments.Financial.Invoice_APAC.Items.Description","FieldName":"Description","FieldType":"Text","IsMissing":false,"DataSource":"Automatic","Values":[{"Components":[],"Value":"Description","Reference":{"TextStartIndex":0,"TextLength":0,"Tokens":[]},"DerivedFields":[],"Confidence":1.0,"OperatorConfirmed":true,"OcrConfidence":1.0}],"DataVersion":0,"OperatorConfirmed":true},{"FieldId":"Semi-StructuredDocuments.Financial.Invoice_APAC.Items.Quantity","FieldName":"Quantity","FieldType":"Text","IsMissing":false,"DataSource":"Automatic","Values":[{"Components":[],"Value":"Quantity","Reference":{"TextStartIndex":0,"TextLength":0,"Tokens":[]},"DerivedFields":[],"Confidence":1.0,"OperatorConfirmed":true,"OcrConfidence":1.0}],"DataVersion":0,"OperatorConfirmed":true},{"FieldId":"Semi-StructuredDocuments.Financial.Invoice_APAC.Items.UnitPrice","FieldName":"Unit Price","FieldType":"Text","IsMissing":false,"DataSource":"Automatic","Values":[{"Components":[],"Value":"Unit Price","Reference":{"TextStartIndex":0,"TextLength":0,"Tokens":[]},"DerivedFields":[],"Confidence":1.0,"OperatorConfirmed":true,"OcrConfidence":1.0}],"DataVersion":0,"OperatorConfirmed":true},{"FieldId":"Semi-StructuredDocuments.Financial.Invoice_APAC.Items.LineExtendedAmount","FieldName":"Line Extended Amount","FieldType":"Text","IsMissing":false,"DataSource":"Automatic","Values":[{"Components":[],"Value":"Line Extended Amount","Reference":{"TextStartIndex":0,"TextLength":0,"Tokens":[]},"DerivedFields":[],"Confidence":1.0,"OperatorConfirmed":true,"OcrConfidence":1.0}],"DataVersion":0,"OperatorConfirmed":true},{"FieldId":"Semi-StructuredDocuments.Financial.Invoice_APAC.Items.ItemPONo","FieldName":"Item PO No.","FieldType":"Text","IsMissing":false,"DataSource":"Automatic","Values":[{"Components":[],"Value":"Item PO No.","Reference":{"TextStartIndex":0,"TextLength":0,"Tokens":[]},"DerivedFields":[],"Confidence":1.0,"OperatorConfirmed":true,"OcrConfidence":1.0}],"DataVersion":0,"OperatorConfirmed":true}],"Value":"","Reference":{"TextStartIndex":0,"TextLength":0,"Tokens":[]},"DerivedFields":[],"Confidence":1.0,"OperatorConfirmed":true,"OcrConfidence":1.0}],"DataVersion":0,"OperatorConfirmed":true},{"FieldId":"Semi-StructuredDocuments.Financial.Invoice_APAC.Items.Body","FieldName":"Body","FieldType":"Internal","IsMissing":false,"DataSource":"ManuallyChanged","Values":[{"Components":[{"FieldId":"Semi-StructuredDocuments.Financial.Invoice_APAC.Items.PartNo","FieldName":"Part No.","FieldType":"Text","IsMissing":false,"DataSource":"Manual","Values":[{"Components":[],"Value":"6678444","Reference":{"TextStartIndex":1049,"TextLength":7,"Tokens":[{"TextStartIndex":1049,"TextLength":7,"Page":0,"PageWidth":595.0,"PageHeight":842.0,"Boxes":[[469.916,59.55,28.0,8.928]]}]},"DerivedFields":[],"Confidence":1.0,"OperatorConfirmed":true,"OcrConfidence":1.0}],"DataVersion":1,"OperatorConfirmed":true},{"FieldId":"Semi-StructuredDocuments.Financial.Invoice_APAC.Items.Description","FieldName":"Description","FieldType":"Text","IsMissing":false,"DataSource":"Automatic","Values":[{"Components":[],"Value":"Silicone tubing,3.2mm bore 3m L","Reference":{"TextStartIndex":1057,"TextLength":31,"Tokens":[{"TextStartIndex":1057,"TextLength":8,"Page":0,"PageWidth":595.0,"PageHeight":842.0,"Boxes":[[469.8,107.64,25.92,9.0]]},{"TextStartIndex":1066,"TextLength":12,"Page":0,"PageWidth":595.0,"PageHeight":842.0,"Boxes":[[469.8,135.72,44.64,9.0]]},{"TextStartIndex":1079,"TextLength":4,"Page":0,"PageWidth":595.0,"PageHeight":842.0,"Boxes":[[469.8,182.52,14.04,9.0]]},{"TextStartIndex":1084,"TextLength":2,"Page":0,"PageWidth":595.0,"PageHeight":842.0,"Boxes":[[469.8,198.72,10.08,9.0]]},{"TextStartIndex":1087,"TextLength":1,"Page":0,"PageWidth":595.0,"PageHeight":842.0,"Boxes":[[469.8,210.96,4.68,9.0]]}]},"DerivedFields":[],"Confidence":1.0,"OperatorConfirmed":true,"OcrConfidence":1.0}],"DataVersion":0,"OperatorConfirmed":true},{"FieldId":"Semi-StructuredDocuments.Financial.Invoice_APAC.Items.Quantity","FieldName":"Quantity","FieldType":"Text","IsMissing":false,"DataSource":"Automatic","Values":[{"Components":[],"Value":"1","Reference":{"TextStartIndex":1290,"TextLength":1,"Tokens":[{"TextStartIndex":1290,"TextLength":1,"Page":0,"PageWidth":595.0,"PageHeight":842.0,"Boxes":[[469.8,353.16,3.96,9.0]]}]},"DerivedFields":[],"Confidence":1.0,"OperatorConfirmed":true,"OcrConfidence":1.0}],"DataVersion":0,"OperatorConfirmed":true},{"FieldId":"Semi-StructuredDocuments.Financial.Invoice_APAC.Items.UnitPrice","FieldName":"Unit Price","FieldType":"Text","IsMissing":false,"DataSource":"Automatic","Values":[{"Components":[],"Value":"85.95","Reference":{"TextStartIndex":1331,"TextLength":5,"Tokens":[{"TextStartIndex":1331,"TextLength":5,"Page":0,"PageWidth":595.0,"PageHeight":842.0,"Boxes":[[469.8,460.8,18.0,9.0]]}]},"DerivedFields":[],"Confidence":1.0,"OperatorConfirmed":true,"OcrConfidence":1.0}],"DataVersion":0,"OperatorConfirmed":true},{"FieldId":"Semi-StructuredDocuments.Financial.Invoice_APAC.Items.LineExtendedAmount","FieldName":"Line Extended Amount","FieldType":"Text","IsMissing":false,"DataSource":"Automatic","Values":[{"Components":[],"Value":"85.95","Reference":{"TextStartIndex":1337,"TextLength":5,"Tokens":[{"TextStartIndex":1337,"TextLength":5,"Page":0,"PageWidth":595.0,"PageHeight":842.0,"Boxes":[[469.8,514.8,18.0,9.0]]}]},"DerivedFields":[],"Confidence":1.0,"OperatorConfirmed":true,"OcrConfidence":1.0}],"DataVersion":0,"OperatorConfirmed":true},{"FieldId":"Semi-StructuredDocuments.Financial.Invoice_APAC.Items.ItemPONo","FieldName":"Item PO No.","FieldType":"Text","IsMissing":true,"DataSource":"Automatic","Values":[],"DataVersion":0,"OperatorConfirmed":true}],"Value":null,"Reference":{"TextStartIndex":0,"TextLength":0,"Tokens":[]},"DerivedFields":[],"Confidence":1.0,"OperatorConfirmed":true,"OcrConfidence":1.0}],"DataVersion":1,"OperatorConfirmed":true}],"Value":null,"Reference":{"TextStartIndex":0,"TextLength":0,"Tokens":[]},"DerivedFields":[],"Confidence":1.0,"OperatorConfirmed":true,"OcrConfidence":1.0}],"DataVersion":1,"OperatorConfirmed":true}]},"ExtractorPayloads":[]}