{"api_version":"1.0","fname":"BLUERING STENCILS 13063453 JT.pdf","original_fname":"BLUERING STENCILS 13063453 JT.pdf","fields":{"name":"BlueRing Stencils","vendor-addr":"","billing-name":"","billing-addr":"","billing-vat-no":"","shipping-addr":"","payment-addr":"","vendor-vat-no":"","date":"2020-08-25","due-date":"","invoice-no":"189386","po-no":"12N-8221723-OP","payment-terms":"","shipping-charges":"","tax":"0.00","net-amount":"","total":"200.00","discount":"","currency":"USD"},"items":[{"instance":1,"values":{"line-no":"","description":"29x29 space saver Silver, 22x245 mil","item-po-no":"","quantity":"1.0000","unit-price":"200.0000","line-amount":"200.00","part-no":"333-990807-000-12N-A.0-SA"}}],"pages":[{"page_rotation":0,"page_no":0,"width":595.0,"height":842.0,"words":[{"description":"BlueRing","boundingPoly":{"vertices":[{"x":28.0,"y":112.76},{"x":68.57,"y":112.76},{"x":68.57,"y":124.32},{"x":28.0,"y":124.32}]},"line":3,"tag":"name"},{"description":"Stencils","boundingPoly":{"vertices":[{"x":71.35,"y":112.76},{"x":106.36,"y":112.76},{"x":106.36,"y":124.32},{"x":71.35,"y":124.32}]},"line":3,"tag":"name"},{"description":"140","boundingPoly":{"vertices":[{"x":28.0,"y":131.83},{"x":44.68,"y":131.83},{"x":44.68,"y":143.39},{"x":28.0,"y":143.39}]},"line":4,"tag":""},{"description":"Mt.","boundingPoly":{"vertices":[{"x":47.46,"y":131.83},{"x":61.35,"y":131.83},{"x":61.35,"y":143.39},{"x":47.46,"y":143.39}]},"line":4,"tag":""},{"description":"Holly","boundingPoly":{"vertices":[{"x":64.13,"y":131.83},{"x":86.35,"y":131.83},{"x":86.35,"y":143.39},{"x":64.13,"y":143.39}]},"line":4,"tag":""},{"description":"By-pass,","boundingPoly":{"vertices":[{"x":89.13,"y":131.83},{"x":128.03,"y":131.83},{"x":128.03,"y":143.39},{"x":89.13,"y":143.39}]},"line":4,"tag":""},{"description":"Unit","boundingPoly":{"vertices":[{"x":130.81,"y":131.83},{"x":148.59,"y":131.83},{"x":148.59,"y":143.39},{"x":130.81,"y":143.39}]},"line":4,"tag":""},{"description":"10","boundingPoly":{"vertices":[{"x":151.37,"y":131.83},{"x":162.49,"y":131.83},{"x":162.49,"y":143.39},{"x":151.37,"y":143.39}]},"line":4,"tag":""},{"description":"Lumberton,NJ,08048","boundingPoly":{"vertices":[{"x":28.0,"y":152.9},{"x":121.38,"y":152.9},{"x":121.38,"y":164.46},{"x":28.0,"y":164.46}]},"line":5,"tag":""},{"description":"USA","boundingPoly":{"vertices":[{"x":28.0,"y":171.97},{"x":48.56,"y":171.97},{"x":48.56,"y":183.53},{"x":28.0,"y":183.53}]},"line":6,"tag":""},{"description":"Phone:","boundingPoly":{"vertices":[{"x":28.0,"y":190.73},{"x":61.89,"y":190.73},{"x":61.89,"y":202.63},{"x":28.0,"y":202.63}]},"line":7,"tag":""},{"description":"(609)","boundingPoly":{"vertices":[{"x":64.67,"y":191.04},{"x":88.01,"y":191.04},{"x":88.01,"y":202.6},{"x":64.67,"y":202.6}]},"line":7,"tag":""},{"description":"261-2670","boundingPoly":{"vertices":[{"x":90.79,"y":191.04},{"x":133.04,"y":191.04},{"x":133.04,"y":202.6},{"x":90.79,"y":202.6}]},"line":7,"tag":""},{"description":"Fax:","boundingPoly":{"vertices":[{"x":135.82,"y":190.73},{"x":156.38,"y":190.73},{"x":156.38,"y":202.63},{"x":135.82,"y":202.63}]},"line":7,"tag":""},{"description":"(609)","boundingPoly":{"vertices":[{"x":159.16,"y":191.04},{"x":182.5,"y":191.04},{"x":182.5,"y":202.6},{"x":159.16,"y":202.6}]},"line":7,"tag":""},{"description":"261-4007","boundingPoly":{"vertices":[{"x":185.28,"y":191.04},{"x":227.53,"y":191.04},{"x":227.53,"y":202.6},{"x":185.28,"y":202.6}]},"line":7,"tag":""},{"description":"https://blueringstencils.com","boundingPoly":{"vertices":[{"x":28.0,"y":210.11},{"x":148.6,"y":210.11},{"x":148.6,"y":221.67},{"x":28.0,"y":221.67}]},"line":8,"tag":""},{"description":"INVOICE","boundingPoly":{"vertices":[{"x":411.0,"y":37.22},{"x":513.8,"y":37.22},{"x":513.8,"y":66.13},{"x":411.0,"y":66.13}]},"line":0,"tag":""},{"description":"Invoice","boundingPoly":{"vertices":[{"x":392.0,"y":74.05},{"x":426.46,"y":74.05},{"x":426.46,"y":85.95},{"x":392.0,"y":85.95}]},"line":1,"tag":""},{"description":"#:","boundingPoly":{"vertices":[{"x":429.24,"y":74.05},{"x":438.13,"y":74.05},{"x":438.13,"y":85.95},{"x":429.24,"y":85.95}]},"line":1,"tag":""},{"description":"189386","boundingPoly":{"vertices":[{"x":483.5,"y":74.36},{"x":516.86,"y":74.36},{"x":516.86,"y":85.92},{"x":483.5,"y":85.92}]},"line":1,"tag":"invoice-no"},{"description":"Invoice","boundingPoly":{"vertices":[{"x":392.0,"y":93.12},{"x":426.46,"y":93.12},{"x":426.46,"y":105.02},{"x":392.0,"y":105.02}]},"line":2,"tag":""},{"description":"Date:","boundingPoly":{"vertices":[{"x":429.24,"y":93.12},{"x":454.24,"y":93.12},{"x":454.24,"y":105.02},{"x":429.24,"y":105.02}]},"line":2,"tag":""},{"description":"8/25/2020","boundingPoly":{"vertices":[{"x":483.5,"y":93.43},{"x":527.98,"y":93.43},{"x":527.98,"y":104.99},{"x":483.5,"y":104.99}]},"line":2,"tag":"date"},{"description":"Invoice","boundingPoly":{"vertices":[{"x":392.0,"y":112.2},{"x":426.46,"y":112.2},{"x":426.46,"y":124.1},{"x":392.0,"y":124.1}]},"line":3,"tag":""},{"description":"Due","boundingPoly":{"vertices":[{"x":429.24,"y":112.2},{"x":448.13,"y":112.2},{"x":448.13,"y":124.1},{"x":429.24,"y":124.1}]},"line":3,"tag":""},{"description":"Date:","boundingPoly":{"vertices":[{"x":450.91,"y":112.2},{"x":475.91,"y":112.2},{"x":475.91,"y":124.1},{"x":450.91,"y":124.1}]},"line":3,"tag":""},{"description":"10/24/2020","boundingPoly":{"vertices":[{"x":483.5,"y":112.51},{"x":533.54,"y":112.51},{"x":533.54,"y":124.07},{"x":483.5,"y":124.07}]},"line":3,"tag":""},{"description":"Invoice","boundingPoly":{"vertices":[{"x":392.0,"y":131.27},{"x":426.46,"y":131.27},{"x":426.46,"y":143.17},{"x":392.0,"y":143.17}]},"line":4,"tag":""},{"description":"Disc.","boundingPoly":{"vertices":[{"x":429.24,"y":131.27},{"x":453.14,"y":131.27},{"x":453.14,"y":143.17},{"x":429.24,"y":143.17}]},"line":4,"tag":""},{"description":"%:","boundingPoly":{"vertices":[{"x":455.92,"y":131.27},{"x":468.14,"y":131.27},{"x":468.14,"y":143.17},{"x":455.92,"y":143.17}]},"line":4,"tag":""},{"description":"0.0000","boundingPoly":{"vertices":[{"x":483.5,"y":131.58},{"x":514.08,"y":131.58},{"x":514.08,"y":143.14},{"x":483.5,"y":143.14}]},"line":4,"tag":""},{"description":"Invoice","boundingPoly":{"vertices":[{"x":392.0,"y":150.34},{"x":426.46,"y":150.34},{"x":426.46,"y":162.24},{"x":392.0,"y":162.24}]},"line":5,"tag":""},{"description":"Balance:","boundingPoly":{"vertices":[{"x":429.24,"y":150.34},{"x":470.92,"y":150.34},{"x":470.92,"y":162.24},{"x":429.24,"y":162.24}]},"line":5,"tag":""},{"description":"200.0000","boundingPoly":{"vertices":[{"x":483.5,"y":150.65},{"x":525.2,"y":150.65},{"x":525.2,"y":162.21},{"x":483.5,"y":162.21}]},"line":5,"tag":""},{"description":"Sales","boundingPoly":{"vertices":[{"x":392.0,"y":169.41},{"x":418.13,"y":169.41},{"x":418.13,"y":181.31},{"x":392.0,"y":181.31}]},"line":6,"tag":""},{"description":"Order#:","boundingPoly":{"vertices":[{"x":420.91,"y":169.41},{"x":457.03,"y":169.41},{"x":457.03,"y":181.31},{"x":420.91,"y":181.31}]},"line":6,"tag":""},{"description":"253922","boundingPoly":{"vertices":[{"x":483.5,"y":169.72},{"x":516.86,"y":169.72},{"x":516.86,"y":181.28},{"x":483.5,"y":181.28}]},"line":6,"tag":""},{"description":"Packing","boundingPoly":{"vertices":[{"x":392.0,"y":188.48},{"x":430.35,"y":188.48},{"x":430.35,"y":200.38},{"x":392.0,"y":200.38}]},"line":7,"tag":""},{"description":"Slip#:","boundingPoly":{"vertices":[{"x":433.13,"y":188.48},{"x":460.36,"y":188.48},{"x":460.36,"y":200.38},{"x":433.13,"y":200.38}]},"line":7,"tag":""},{"description":"253922","boundingPoly":{"vertices":[{"x":483.5,"y":188.79},{"x":516.86,"y":188.79},{"x":516.86,"y":200.35},{"x":483.5,"y":200.35}]},"line":7,"tag":""},{"description":"Bill","boundingPoly":{"vertices":[{"x":73.75,"y":250.94},{"x":89.31,"y":250.94},{"x":89.31,"y":262.84},{"x":73.75,"y":262.84}]},"line":9,"tag":""},{"description":"To:","boundingPoly":{"vertices":[{"x":92.09,"y":250.94},{"x":107.64,"y":250.94},{"x":107.64,"y":262.84},{"x":92.09,"y":262.84}]},"line":9,"tag":""},{"description":"Ship","boundingPoly":{"vertices":[{"x":350.25,"y":250.94},{"x":371.92,"y":250.94},{"x":371.92,"y":262.84},{"x":350.25,"y":262.84}]},"line":9,"tag":""},{"description":"To:","boundingPoly":{"vertices":[{"x":374.7,"y":250.94},{"x":390.25,"y":250.94},{"x":390.25,"y":262.84},{"x":374.7,"y":262.84}]},"line":9,"tag":""},{"description":"Plexus","boundingPoly":{"vertices":[{"x":73.75,"y":270.32},{"x":103.76,"y":270.32},{"x":103.76,"y":281.88},{"x":73.75,"y":281.88}]},"line":10,"tag":""},{"description":"Neenah","boundingPoly":{"vertices":[{"x":106.54,"y":270.32},{"x":141.56,"y":270.32},{"x":141.56,"y":281.88},{"x":106.54,"y":281.88}]},"line":10,"tag":""},{"description":"Operations","boundingPoly":{"vertices":[{"x":144.34,"y":270.32},{"x":193.25,"y":270.32},{"x":193.25,"y":281.88},{"x":144.34,"y":281.88}]},"line":10,"tag":""},{"description":"Plexus","boundingPoly":{"vertices":[{"x":350.25,"y":270.32},{"x":380.26,"y":270.32},{"x":380.26,"y":281.88},{"x":350.25,"y":281.88}]},"line":10,"tag":""},{"description":"-","boundingPoly":{"vertices":[{"x":383.04,"y":270.32},{"x":386.37,"y":270.32},{"x":386.37,"y":281.88},{"x":383.04,"y":281.88}]},"line":10,"tag":""},{"description":"Neenah,","boundingPoly":{"vertices":[{"x":389.15,"y":270.32},{"x":426.95,"y":270.32},{"x":426.95,"y":281.88},{"x":389.15,"y":281.88}]},"line":10,"tag":""},{"description":"WI","boundingPoly":{"vertices":[{"x":429.73,"y":270.32},{"x":441.95,"y":270.32},{"x":441.95,"y":281.88},{"x":429.73,"y":281.88}]},"line":10,"tag":""},{"description":"Accounts","boundingPoly":{"vertices":[{"x":73.75,"y":289.39},{"x":114.88,"y":289.39},{"x":114.88,"y":300.95},{"x":73.75,"y":300.95}]},"line":11,"tag":""},{"description":"Payable","boundingPoly":{"vertices":[{"x":117.66,"y":289.39},{"x":153.79,"y":289.39},{"x":153.79,"y":300.95},{"x":117.66,"y":300.95}]},"line":11,"tag":""},{"description":"2444","boundingPoly":{"vertices":[{"x":350.25,"y":289.39},{"x":372.49,"y":289.39},{"x":372.49,"y":300.95},{"x":350.25,"y":300.95}]},"line":11,"tag":""},{"description":"Schultz","boundingPoly":{"vertices":[{"x":375.27,"y":289.39},{"x":408.06,"y":289.39},{"x":408.06,"y":300.95},{"x":375.27,"y":300.95}]},"line":11,"tag":""},{"description":"Dr.","boundingPoly":{"vertices":[{"x":410.84,"y":289.39},{"x":424.17,"y":289.39},{"x":424.17,"y":300.95},{"x":410.84,"y":300.95}]},"line":11,"tag":""},{"description":"P.O.","boundingPoly":{"vertices":[{"x":73.75,"y":308.46},{"x":93.76,"y":308.46},{"x":93.76,"y":320.02},{"x":73.75,"y":320.02}]},"line":12,"tag":""},{"description":"Box","boundingPoly":{"vertices":[{"x":96.54,"y":308.46},{"x":113.77,"y":308.46},{"x":113.77,"y":320.02},{"x":96.54,"y":320.02}]},"line":12,"tag":""},{"description":"2700","boundingPoly":{"vertices":[{"x":116.55,"y":308.46},{"x":138.79,"y":308.46},{"x":138.79,"y":320.02},{"x":116.55,"y":320.02}]},"line":12,"tag":""},{"description":"Neenah,WI","boundingPoly":{"vertices":[{"x":350.25,"y":310.46},{"x":400.27,"y":310.46},{"x":400.27,"y":322.02},{"x":350.25,"y":322.02}]},"line":12,"tag":""},{"description":"54957","boundingPoly":{"vertices":[{"x":403.05,"y":310.46},{"x":430.85,"y":310.46},{"x":430.85,"y":322.02},{"x":403.05,"y":322.02}]},"line":12,"tag":""},{"description":"Neenah,WI","boundingPoly":{"vertices":[{"x":73.75,"y":327.53},{"x":123.77,"y":327.53},{"x":123.77,"y":339.09},{"x":73.75,"y":339.09}]},"line":13,"tag":""},{"description":"54957","boundingPoly":{"vertices":[{"x":126.55,"y":327.53},{"x":154.35,"y":327.53},{"x":154.35,"y":339.09},{"x":126.55,"y":339.09}]},"line":13,"tag":""},{"description":"USA","boundingPoly":{"vertices":[{"x":350.25,"y":329.53},{"x":370.81,"y":329.53},{"x":370.81,"y":341.09},{"x":350.25,"y":341.09}]},"line":13,"tag":""},{"description":"USA","boundingPoly":{"vertices":[{"x":73.75,"y":346.6},{"x":94.31,"y":346.6},{"x":94.31,"y":358.16},{"x":73.75,"y":358.16}]},"line":14,"tag":""},{"description":"Loc","boundingPoly":{"vertices":[{"x":27.0,"y":388.43},{"x":44.78,"y":388.43},{"x":44.78,"y":400.33},{"x":27.0,"y":400.33}]},"line":15,"tag":""},{"description":"ID:","boundingPoly":{"vertices":[{"x":47.56,"y":388.43},{"x":60.89,"y":388.43},{"x":60.89,"y":400.33},{"x":47.56,"y":400.33}]},"line":15,"tag":""},{"description":"Ship","boundingPoly":{"vertices":[{"x":96.13,"y":388.43},{"x":117.8,"y":388.43},{"x":117.8,"y":400.33},{"x":96.13,"y":400.33}]},"line":15,"tag":""},{"description":"Method","boundingPoly":{"vertices":[{"x":120.58,"y":388.43},{"x":156.13,"y":388.43},{"x":156.13,"y":400.33},{"x":120.58,"y":400.33}]},"line":15,"tag":""},{"description":":","boundingPoly":{"vertices":[{"x":158.91,"y":388.43},{"x":162.24,"y":388.43},{"x":162.24,"y":400.33},{"x":158.91,"y":400.33}]},"line":15,"tag":""},{"description":"Ship","boundingPoly":{"vertices":[{"x":234.38,"y":388.43},{"x":256.05,"y":388.43},{"x":256.05,"y":400.33},{"x":234.38,"y":400.33}]},"line":15,"tag":""},{"description":"Terms","boundingPoly":{"vertices":[{"x":258.83,"y":388.43},{"x":288.84,"y":388.43},{"x":288.84,"y":400.33},{"x":258.83,"y":400.33}]},"line":15,"tag":""},{"description":":","boundingPoly":{"vertices":[{"x":291.62,"y":388.43},{"x":294.95,"y":388.43},{"x":294.95,"y":400.33},{"x":291.62,"y":400.33}]},"line":15,"tag":""},{"description":"Order","boundingPoly":{"vertices":[{"x":372.63,"y":388.43},{"x":399.86,"y":388.43},{"x":399.86,"y":400.33},{"x":372.63,"y":400.33}]},"line":15,"tag":""},{"description":"#","boundingPoly":{"vertices":[{"x":402.64,"y":388.43},{"x":408.2,"y":388.43},{"x":408.2,"y":400.33},{"x":402.64,"y":400.33}]},"line":15,"tag":""},{"description":":","boundingPoly":{"vertices":[{"x":410.98,"y":388.43},{"x":414.31,"y":388.43},{"x":414.31,"y":400.33},{"x":410.98,"y":400.33}]},"line":15,"tag":""},{"description":"Order","boundingPoly":{"vertices":[{"x":441.75,"y":388.43},{"x":468.98,"y":388.43},{"x":468.98,"y":400.33},{"x":441.75,"y":400.33}]},"line":15,"tag":""},{"description":"Ref","boundingPoly":{"vertices":[{"x":471.76,"y":388.43},{"x":487.87,"y":388.43},{"x":487.87,"y":400.33},{"x":471.76,"y":400.33}]},"line":15,"tag":""},{"description":":","boundingPoly":{"vertices":[{"x":490.65,"y":388.43},{"x":493.98,"y":388.43},{"x":493.98,"y":400.33},{"x":490.65,"y":400.33}]},"line":15,"tag":""},{"description":"Ship","boundingPoly":{"vertices":[{"x":510.88,"y":388.43},{"x":532.55,"y":388.43},{"x":532.55,"y":400.33},{"x":510.88,"y":400.33}]},"line":15,"tag":""},{"description":"Date","boundingPoly":{"vertices":[{"x":535.33,"y":388.43},{"x":557.0,"y":388.43},{"x":557.0,"y":400.33},{"x":535.33,"y":400.33}]},"line":15,"tag":""},{"description":":","boundingPoly":{"vertices":[{"x":559.78,"y":388.43},{"x":563.11,"y":388.43},{"x":563.11,"y":400.33},{"x":559.78,"y":400.33}]},"line":15,"tag":""},{"description":"3985","boundingPoly":{"vertices":[{"x":27.0,"y":407.81},{"x":49.24,"y":407.81},{"x":49.24,"y":419.37},{"x":27.0,"y":419.37}]},"line":16,"tag":""},{"description":"FedEx","boundingPoly":{"vertices":[{"x":96.13,"y":407.81},{"x":125.03,"y":407.81},{"x":125.03,"y":419.37},{"x":96.13,"y":419.37}]},"line":16,"tag":""},{"description":"Standard","boundingPoly":{"vertices":[{"x":127.81,"y":407.81},{"x":168.39,"y":407.81},{"x":168.39,"y":419.37},{"x":127.81,"y":419.37}]},"line":16,"tag":""},{"description":"F.O.B.","boundingPoly":{"vertices":[{"x":234.38,"y":407.81},{"x":263.28,"y":407.81},{"x":263.28,"y":419.37},{"x":234.38,"y":419.37}]},"line":16,"tag":""},{"description":"Origin,","boundingPoly":{"vertices":[{"x":266.06,"y":407.81},{"x":295.51,"y":407.81},{"x":295.51,"y":419.37},{"x":266.06,"y":419.37}]},"line":16,"tag":""},{"description":"freight","boundingPoly":{"vertices":[{"x":298.29,"y":407.81},{"x":326.08,"y":407.81},{"x":326.08,"y":419.37},{"x":298.29,"y":419.37}]},"line":16,"tag":""},{"description":"collect","boundingPoly":{"vertices":[{"x":328.86,"y":407.81},{"x":357.2,"y":407.81},{"x":357.2,"y":419.37},{"x":328.86,"y":419.37}]},"line":16,"tag":""},{"description":"253922","boundingPoly":{"vertices":[{"x":372.63,"y":407.81},{"x":405.99,"y":407.81},{"x":405.99,"y":419.37},{"x":372.63,"y":419.37}]},"line":16,"tag":""},{"description":"Quote:","boundingPoly":{"vertices":[{"x":441.75,"y":407.81},{"x":471.61,"y":407.81},{"x":471.61,"y":419.37},{"x":441.75,"y":419.37}]},"line":16,"tag":""},{"description":"7865","boundingPoly":{"vertices":[{"x":474.1,"y":407.81},{"x":494.01,"y":407.81},{"x":494.01,"y":419.37},{"x":474.1,"y":419.37}]},"line":16,"tag":""},{"description":"8/25/2020","boundingPoly":{"vertices":[{"x":510.88,"y":407.81},{"x":555.36,"y":407.81},{"x":555.36,"y":419.37},{"x":510.88,"y":419.37}]},"line":16,"tag":""},{"description":"Cust","boundingPoly":{"vertices":[{"x":27.0,"y":426.57},{"x":49.22,"y":426.57},{"x":49.22,"y":438.47},{"x":27.0,"y":438.47}]},"line":17,"tag":""},{"description":"ID","boundingPoly":{"vertices":[{"x":52.0,"y":426.57},{"x":62.0,"y":426.57},{"x":62.0,"y":438.47},{"x":52.0,"y":438.47}]},"line":17,"tag":""},{"description":":","boundingPoly":{"vertices":[{"x":64.78,"y":426.57},{"x":68.11,"y":426.57},{"x":68.11,"y":438.47},{"x":64.78,"y":438.47}]},"line":17,"tag":""},{"description":"Bill","boundingPoly":{"vertices":[{"x":96.13,"y":426.57},{"x":111.69,"y":426.57},{"x":111.69,"y":438.47},{"x":96.13,"y":438.47}]},"line":17,"tag":""},{"description":"To","boundingPoly":{"vertices":[{"x":114.47,"y":426.57},{"x":126.69,"y":426.57},{"x":126.69,"y":438.47},{"x":114.47,"y":438.47}]},"line":17,"tag":""},{"description":"PO:","boundingPoly":{"vertices":[{"x":129.47,"y":426.57},{"x":147.25,"y":426.57},{"x":147.25,"y":438.47},{"x":129.47,"y":438.47}]},"line":17,"tag":""},{"description":"Ship","boundingPoly":{"vertices":[{"x":234.38,"y":426.57},{"x":256.05,"y":426.57},{"x":256.05,"y":438.47},{"x":234.38,"y":438.47}]},"line":17,"tag":""},{"description":"To","boundingPoly":{"vertices":[{"x":258.83,"y":426.57},{"x":271.05,"y":426.57},{"x":271.05,"y":438.47},{"x":258.83,"y":438.47}]},"line":17,"tag":""},{"description":"PO","boundingPoly":{"vertices":[{"x":273.83,"y":426.57},{"x":288.28,"y":426.57},{"x":288.28,"y":438.47},{"x":273.83,"y":438.47}]},"line":17,"tag":""},{"description":":","boundingPoly":{"vertices":[{"x":291.06,"y":426.57},{"x":294.39,"y":426.57},{"x":294.39,"y":438.47},{"x":291.06,"y":438.47}]},"line":17,"tag":""},{"description":"Order","boundingPoly":{"vertices":[{"x":372.63,"y":426.57},{"x":399.86,"y":426.57},{"x":399.86,"y":438.47},{"x":372.63,"y":438.47}]},"line":17,"tag":""},{"description":"Date","boundingPoly":{"vertices":[{"x":402.64,"y":426.57},{"x":424.31,"y":426.57},{"x":424.31,"y":438.47},{"x":402.64,"y":438.47}]},"line":17,"tag":""},{"description":":","boundingPoly":{"vertices":[{"x":427.09,"y":426.57},{"x":430.42,"y":426.57},{"x":430.42,"y":438.47},{"x":427.09,"y":438.47}]},"line":17,"tag":""},{"description":"Terms","boundingPoly":{"vertices":[{"x":441.75,"y":426.57},{"x":471.76,"y":426.57},{"x":471.76,"y":438.47},{"x":441.75,"y":438.47}]},"line":17,"tag":""},{"description":":","boundingPoly":{"vertices":[{"x":474.54,"y":426.57},{"x":477.87,"y":426.57},{"x":477.87,"y":438.47},{"x":474.54,"y":438.47}]},"line":17,"tag":""},{"description":"Due","boundingPoly":{"vertices":[{"x":510.88,"y":426.57},{"x":529.77,"y":426.57},{"x":529.77,"y":438.47},{"x":510.88,"y":438.47}]},"line":17,"tag":""},{"description":"Date","boundingPoly":{"vertices":[{"x":532.55,"y":426.57},{"x":554.22,"y":426.57},{"x":554.22,"y":438.47},{"x":532.55,"y":438.47}]},"line":17,"tag":""},{"description":":","boundingPoly":{"vertices":[{"x":557.0,"y":426.57},{"x":560.33,"y":426.57},{"x":560.33,"y":438.47},{"x":557.0,"y":438.47}]},"line":17,"tag":""},{"description":"1068","boundingPoly":{"vertices":[{"x":27.0,"y":445.95},{"x":49.24,"y":445.95},{"x":49.24,"y":457.51},{"x":27.0,"y":457.51}]},"line":18,"tag":""},{"description":"12N-8221723-OP","boundingPoly":{"vertices":[{"x":96.13,"y":445.95},{"x":174.5,"y":445.95},{"x":174.5,"y":457.51},{"x":96.13,"y":457.51}]},"line":18,"tag":"po-no"},{"description":"12N-8221723-OP","boundingPoly":{"vertices":[{"x":234.38,"y":445.95},{"x":312.75,"y":445.95},{"x":312.75,"y":457.51},{"x":234.38,"y":457.51}]},"line":18,"tag":""},{"description":"8/21/2020","boundingPoly":{"vertices":[{"x":372.63,"y":445.95},{"x":417.11,"y":445.95},{"x":417.11,"y":457.51},{"x":372.63,"y":457.51}]},"line":18,"tag":""},{"description":"N60","boundingPoly":{"vertices":[{"x":441.75,"y":445.95},{"x":460.09,"y":445.95},{"x":460.09,"y":457.51},{"x":441.75,"y":457.51}]},"line":18,"tag":""},{"description":"8/25/2020","boundingPoly":{"vertices":[{"x":510.88,"y":445.95},{"x":555.36,"y":445.95},{"x":555.36,"y":457.51},{"x":510.88,"y":457.51}]},"line":18,"tag":""},{"description":"Item","boundingPoly":{"vertices":[{"x":27.0,"y":486.78},{"x":47.56,"y":486.78},{"x":47.56,"y":498.68},{"x":27.0,"y":498.68}]},"line":19,"tag":""},{"description":"Number","boundingPoly":{"vertices":[{"x":50.34,"y":486.78},{"x":88.12,"y":486.78},{"x":88.12,"y":498.68},{"x":50.34,"y":498.68}]},"line":19,"tag":""},{"description":":","boundingPoly":{"vertices":[{"x":90.9,"y":486.78},{"x":94.23,"y":486.78},{"x":94.23,"y":498.68},{"x":90.9,"y":498.68}]},"line":19,"tag":""},{"description":"Item","boundingPoly":{"vertices":[{"x":147.89,"y":486.78},{"x":168.45,"y":486.78},{"x":168.45,"y":498.68},{"x":147.89,"y":498.68}]},"line":19,"tag":""},{"description":"Description","boundingPoly":{"vertices":[{"x":171.23,"y":486.78},{"x":226.24,"y":486.78},{"x":226.24,"y":498.68},{"x":171.23,"y":498.68}]},"line":19,"tag":""},{"description":":","boundingPoly":{"vertices":[{"x":229.02,"y":486.78},{"x":232.35,"y":486.78},{"x":232.35,"y":498.68},{"x":229.02,"y":498.68}]},"line":19,"tag":""},{"description":"Qty","boundingPoly":{"vertices":[{"x":347.55,"y":486.78},{"x":364.22,"y":486.78},{"x":364.22,"y":498.68},{"x":347.55,"y":498.68}]},"line":19,"tag":""},{"description":":","boundingPoly":{"vertices":[{"x":367.0,"y":486.78},{"x":370.33,"y":486.78},{"x":370.33,"y":498.68},{"x":367.0,"y":498.68}]},"line":19,"tag":""},{"description":"Unit","boundingPoly":{"vertices":[{"x":393.99,"y":486.78},{"x":413.43,"y":486.78},{"x":413.43,"y":498.68},{"x":393.99,"y":498.68}]},"line":19,"tag":""},{"description":"Price","boundingPoly":{"vertices":[{"x":416.21,"y":486.78},{"x":440.67,"y":486.78},{"x":440.67,"y":498.68},{"x":416.21,"y":498.68}]},"line":19,"tag":""},{"description":":","boundingPoly":{"vertices":[{"x":443.45,"y":486.78},{"x":446.78,"y":486.78},{"x":446.78,"y":498.68},{"x":443.45,"y":498.68}]},"line":19,"tag":""},{"description":"Extended","boundingPoly":{"vertices":[{"x":456.27,"y":486.78},{"x":501.28,"y":486.78},{"x":501.28,"y":498.68},{"x":456.27,"y":498.68}]},"line":19,"tag":""},{"description":":","boundingPoly":{"vertices":[{"x":504.06,"y":486.78},{"x":507.39,"y":486.78},{"x":507.39,"y":498.68},{"x":504.06,"y":498.68}]},"line":19,"tag":""},{"description":"Tax","boundingPoly":{"vertices":[{"x":531.61,"y":486.78},{"x":548.84,"y":486.78},{"x":548.84,"y":498.68},{"x":531.61,"y":498.68}]},"line":19,"tag":""},{"description":":","boundingPoly":{"vertices":[{"x":551.62,"y":486.78},{"x":554.95,"y":486.78},{"x":554.95,"y":498.68},{"x":551.62,"y":498.68}]},"line":19,"tag":""},{"description":"29sp5.0sl560","boundingPoly":{"vertices":[{"x":27.0,"y":506.16},{"x":86.48,"y":506.16},{"x":86.48,"y":517.72},{"x":27.0,"y":517.72}]},"line":20,"tag":""},{"description":"29x29","boundingPoly":{"vertices":[{"x":147.89,"y":506.16},{"x":175.13,"y":506.16},{"x":175.13,"y":517.72},{"x":147.89,"y":517.72}]},"line":20,"tag":"description","instance":1},{"description":"space","boundingPoly":{"vertices":[{"x":177.91,"y":506.16},{"x":204.59,"y":506.16},{"x":204.59,"y":517.72},{"x":177.91,"y":517.72}]},"line":20,"tag":"description","instance":1},{"description":"saver","boundingPoly":{"vertices":[{"x":207.37,"y":506.16},{"x":231.82,"y":506.16},{"x":231.82,"y":517.72},{"x":207.37,"y":517.72}]},"line":20,"tag":"description","instance":1},{"description":"Silver,","boundingPoly":{"vertices":[{"x":234.6,"y":506.16},{"x":262.38,"y":506.16},{"x":262.38,"y":517.72},{"x":234.6,"y":517.72}]},"line":20,"tag":"description","instance":1},{"description":"22x245","boundingPoly":{"vertices":[{"x":265.16,"y":506.16},{"x":300.74,"y":506.16},{"x":300.74,"y":517.72},{"x":265.16,"y":517.72}]},"line":20,"tag":"description","instance":1},{"description":"mil","boundingPoly":{"vertices":[{"x":303.52,"y":506.16},{"x":316.29,"y":506.16},{"x":316.29,"y":517.72},{"x":303.52,"y":517.72}]},"line":20,"tag":"description","instance":1},{"description":"1.0000","boundingPoly":{"vertices":[{"x":343.65,"y":513.66},{"x":374.23,"y":513.66},{"x":374.23,"y":525.22},{"x":343.65,"y":525.22}]},"line":21,"tag":"quantity","instance":1},{"description":"$200.0000","boundingPoly":{"vertices":[{"x":396.76,"y":513.66},{"x":444.02,"y":513.66},{"x":444.02,"y":525.22},{"x":396.76,"y":525.22}]},"line":21,"tag":"unit-price","instance":1},{"description":"$200.00","boundingPoly":{"vertices":[{"x":463.76,"y":513.66},{"x":499.9,"y":513.66},{"x":499.9,"y":525.22},{"x":463.76,"y":525.22}]},"line":21,"tag":"line-amount","instance":1},{"description":"Y","boundingPoly":{"vertices":[{"x":539.94,"y":513.66},{"x":546.61,"y":513.66},{"x":546.61,"y":525.22},{"x":539.94,"y":525.22}]},"line":21,"tag":""},{"description":"J20131055SL","boundingPoly":{"vertices":[{"x":27.0,"y":521.16},{"x":88.71,"y":521.16},{"x":88.71,"y":532.72},{"x":27.0,"y":532.72}]},"line":22,"tag":""},{"description":"slic","boundingPoly":{"vertices":[{"x":147.89,"y":521.16},{"x":162.33,"y":521.16},{"x":162.33,"y":532.72},{"x":147.89,"y":532.72}]},"line":22,"tag":""},{"description":"-","boundingPoly":{"vertices":[{"x":165.11,"y":521.16},{"x":168.44,"y":521.16},{"x":168.44,"y":532.72},{"x":165.11,"y":532.72}]},"line":22,"tag":""},{"description":"333-990807-000-12N-A.0-SA","boundingPoly":{"vertices":[{"x":171.22,"y":521.16},{"x":301.28,"y":521.16},{"x":301.28,"y":532.72},{"x":171.22,"y":532.72}]},"line":22,"tag":"part-no","instance":1},{"description":"Tax","boundingPoly":{"vertices":[{"x":357.8,"y":562.92},{"x":375.03,"y":562.92},{"x":375.03,"y":574.82},{"x":357.8,"y":574.82}]},"line":23,"tag":""},{"description":"Total(0.0000)","boundingPoly":{"vertices":[{"x":377.81,"y":562.92},{"x":438.94,"y":562.92},{"x":438.94,"y":574.82},{"x":377.81,"y":574.82}]},"line":23,"tag":""},{"description":"$0.00","boundingPoly":{"vertices":[{"x":468.4,"y":563.23},{"x":493.42,"y":563.23},{"x":493.42,"y":574.79},{"x":468.4,"y":574.79}]},"line":23,"tag":"tax"},{"description":"Sub","boundingPoly":{"vertices":[{"x":357.8,"y":579.99},{"x":376.69,"y":579.99},{"x":376.69,"y":591.89},{"x":357.8,"y":591.89}]},"line":24,"tag":""},{"description":"Total","boundingPoly":{"vertices":[{"x":379.47,"y":579.99},{"x":403.36,"y":579.99},{"x":403.36,"y":591.89},{"x":379.47,"y":591.89}]},"line":24,"tag":""},{"description":":","boundingPoly":{"vertices":[{"x":406.14,"y":579.99},{"x":409.47,"y":579.99},{"x":409.47,"y":591.89},{"x":406.14,"y":591.89}]},"line":24,"tag":""},{"description":"$200.00","boundingPoly":{"vertices":[{"x":468.4,"y":580.3},{"x":504.54,"y":580.3},{"x":504.54,"y":591.86},{"x":468.4,"y":591.86}]},"line":24,"tag":""},{"description":"Grand","boundingPoly":{"vertices":[{"x":357.8,"y":597.06},{"x":387.25,"y":597.06},{"x":387.25,"y":608.96},{"x":357.8,"y":608.96}]},"line":25,"tag":""},{"description":"Total","boundingPoly":{"vertices":[{"x":390.03,"y":597.06},{"x":413.92,"y":597.06},{"x":413.92,"y":608.96},{"x":390.03,"y":608.96}]},"line":25,"tag":""},{"description":":","boundingPoly":{"vertices":[{"x":416.7,"y":597.06},{"x":420.03,"y":597.06},{"x":420.03,"y":608.96},{"x":416.7,"y":608.96}]},"line":25,"tag":""},{"description":"$200.00","boundingPoly":{"vertices":[{"x":468.4,"y":597.37},{"x":504.54,"y":597.37},{"x":504.54,"y":608.93},{"x":468.4,"y":608.93}]},"line":25,"tag":"total"},{"description":"Thank","boundingPoly":{"vertices":[{"x":31.0,"y":648.44},{"x":58.79,"y":648.44},{"x":58.79,"y":660.0},{"x":31.0,"y":660.0}]},"line":26,"tag":""},{"description":"you","boundingPoly":{"vertices":[{"x":61.57,"y":648.44},{"x":77.69,"y":648.44},{"x":77.69,"y":660.0},{"x":61.57,"y":660.0}]},"line":26,"tag":""},{"description":"for","boundingPoly":{"vertices":[{"x":80.47,"y":648.44},{"x":92.14,"y":648.44},{"x":92.14,"y":660.0},{"x":80.47,"y":660.0}]},"line":26,"tag":""},{"description":"your","boundingPoly":{"vertices":[{"x":94.92,"y":648.44},{"x":114.37,"y":648.44},{"x":114.37,"y":660.0},{"x":94.92,"y":660.0}]},"line":26,"tag":""},{"description":"business,","boundingPoly":{"vertices":[{"x":117.15,"y":648.44},{"x":159.39,"y":648.44},{"x":159.39,"y":660.0},{"x":117.15,"y":660.0}]},"line":26,"tag":""},{"description":"Country","boundingPoly":{"vertices":[{"x":31.0,"y":663.44},{"x":66.01,"y":663.44},{"x":66.01,"y":675.0},{"x":31.0,"y":675.0}]},"line":27,"tag":""},{"description":"of","boundingPoly":{"vertices":[{"x":68.79,"y":663.44},{"x":77.13,"y":663.44},{"x":77.13,"y":675.0},{"x":68.79,"y":675.0}]},"line":27,"tag":""},{"description":"Origin:","boundingPoly":{"vertices":[{"x":79.91,"y":663.44},{"x":109.36,"y":663.44},{"x":109.36,"y":675.0},{"x":79.91,"y":675.0}]},"line":27,"tag":""},{"description":"USA","boundingPoly":{"vertices":[{"x":112.14,"y":663.44},{"x":132.7,"y":663.44},{"x":132.7,"y":675.0},{"x":112.14,"y":675.0}]},"line":27,"tag":""},{"description":"-","boundingPoly":{"vertices":[{"x":135.48,"y":663.44},{"x":138.81,"y":663.44},{"x":138.81,"y":675.0},{"x":135.48,"y":675.0}]},"line":27,"tag":""},{"description":"BlueRing","boundingPoly":{"vertices":[{"x":141.59,"y":663.44},{"x":182.16,"y":663.44},{"x":182.16,"y":675.0},{"x":141.59,"y":675.0}]},"line":27,"tag":""},{"description":"Stencils","boundingPoly":{"vertices":[{"x":184.94,"y":663.44},{"x":219.95,"y":663.44},{"x":219.95,"y":675.0},{"x":184.94,"y":675.0}]},"line":27,"tag":""},{"description":"-","boundingPoly":{"vertices":[{"x":222.73,"y":663.44},{"x":226.06,"y":663.44},{"x":226.06,"y":675.0},{"x":222.73,"y":675.0}]},"line":27,"tag":""},{"description":"Formerly","boundingPoly":{"vertices":[{"x":228.84,"y":663.44},{"x":268.28,"y":663.44},{"x":268.28,"y":675.0},{"x":228.84,"y":675.0}]},"line":27,"tag":""},{"description":"Fine","boundingPoly":{"vertices":[{"x":271.06,"y":663.44},{"x":290.51,"y":663.44},{"x":290.51,"y":675.0},{"x":271.06,"y":675.0}]},"line":27,"tag":""},{"description":"Line","boundingPoly":{"vertices":[{"x":293.29,"y":663.44},{"x":312.19,"y":663.44},{"x":312.19,"y":675.0},{"x":293.29,"y":675.0}]},"line":27,"tag":""},{"description":"Stencil","boundingPoly":{"vertices":[{"x":314.97,"y":663.44},{"x":344.98,"y":663.44},{"x":344.98,"y":675.0},{"x":314.97,"y":675.0}]},"line":27,"tag":""},{"description":"and","boundingPoly":{"vertices":[{"x":347.76,"y":663.44},{"x":364.44,"y":663.44},{"x":364.44,"y":675.0},{"x":347.76,"y":675.0}]},"line":27,"tag":""},{"description":"MET","boundingPoly":{"vertices":[{"x":367.22,"y":663.44},{"x":388.33,"y":663.44},{"x":388.33,"y":675.0},{"x":367.22,"y":675.0}]},"line":27,"tag":""}]}]}