[{"DocumentKeywordVectors":[{"TotalDocumentLength":2170,"PageCount":1,"FirstPageVector":{"VectorId":"Documents.Other.Certificate-of-filing_1.FirstPage","DocumentCount":2,"TermsWithScores":[{"Score":1.98,"Term":"certificate","LastUpdated":"2020-12-21T11:08:54.2593774+02:00"},{"Score":1.84,"Term":"secretary","LastUpdated":"2020-12-21T11:08:54.2593774+02:00"},{"Score":1.62,"Term":"filing","LastUpdated":"2020-12-21T11:08:54.2593774+02:00"},{"Score":1.56,"Term":"law","LastUpdated":"2020-12-21T11:08:54.2593774+02:00"},{"Score":1.52,"Term":"undersigned","LastUpdated":"2020-12-21T11:08:54.2593774+02:00"},{"Score":1.48,"Term":"texas","LastUpdated":"2020-12-21T11:08:54.2593774+02:00"},{"Score":1.38,"Term":"belize","LastUpdated":"2020-12-21T11:08:54.2593774+02:00"},{"Score":1.38,"Term":"association","LastUpdated":"2020-12-21T11:08:54.2593774+02:00"},{"Score":1.36,"Term":"houston","LastUpdated":"2020-12-21T11:08:54.2593774+02:00"},{"Score":1.34,"Term":"file","LastUpdated":"2020-12-21T11:08:54.2593774+02:00"},{"Score":1.24,"Term":"certifies","LastUpdated":"2020-12-21T11:08:54.2593774+02:00"},{"Score":1.2,"Term":"formation","LastUpdated":"2020-12-21T11:08:54.2593774+02:00"},{"Score":1.16,"Term":"named","LastUpdated":"2020-12-21T11:08:54.2593774+02:00"},{"Score":1.16,"Term":"domestic","LastUpdated":"2020-12-21T11:08:54.2593774+02:00"},{"Score":1.14,"Term":"nonprofit","LastUpdated":"2020-12-21T11:08:54.2593774+02:00"},{"Score":1.14,"Term":"corporation","LastUpdated":"2020-12-21T11:08:54.2593774+02:00"},{"Score":1.1,"Term":"received","LastUpdated":"2020-12-21T11:08:54.2593774+02:00"},{"Score":1.08,"Term":"office","LastUpdated":"2020-12-21T11:08:54.2593774+02:00"},{"Score":1.06,"Term":"conform","LastUpdated":"2020-12-21T11:08:54.2593774+02:00"},{"Score":1.04,"Term":"applicable","LastUpdated":"2020-12-21T11:08:54.2593774+02:00"},{"Score":1.02,"Term":"effective","LastUpdated":"2020-12-21T11:08:54.2593774+02:00"},{"Score":1.02,"Term":"provisions","LastUpdated":"2020-12-21T11:08:54.2593774+02:00"},{"Score":0.92,"Term":"virtue","LastUpdated":"2020-12-21T11:08:54.2593774+02:00"},{"Score":0.9,"Term":"vested","LastUpdated":"2020-12-21T11:08:54.2593774+02:00"},{"Score":0.9,"Term":"authority","LastUpdated":"2020-12-21T11:08:54.2593774+02:00"},{"Score":0.84,"Term":"issues","LastUpdated":"2020-12-21T11:08:54.2593774+02:00"},{"Score":0.82,"Term":"evidencing","LastUpdated":"2020-12-21T11:08:54.2593774+02:00"},{"Score":0.8,"Term":"trademark","LastUpdated":"2020-12-21T11:08:54.2593774+02:00"},{"Score":0.74,"Term":"issuance","LastUpdated":"2020-12-21T11:08:54.2593774+02:00"},{"Score":0.7,"Term":"authorize","LastUpdated":"2020-12-21T11:08:54.2593774+02:00"},{"Score":0.64,"Term":"violation","LastUpdated":"2020-12-21T11:08:54.2593774+02:00"},{"Score":0.62,"Term":"rights","LastUpdated":"2020-12-21T11:08:54.2593774+02:00"},{"Score":0.58,"Term":"federal","LastUpdated":"2020-12-21T11:08:54.2593774+02:00"},{"Score":0.52,"Term":"assumed","LastUpdated":"2020-12-21T11:08:54.2593774+02:00"},{"Score":0.5,"Term":"professional","LastUpdated":"2020-12-21T11:08:54.2593774+02:00"},{"Score":0.46,"Term":"common","LastUpdated":"2020-12-21T11:08:54.2593774+02:00"},{"Score":0.44,"Term":"dated","LastUpdated":"2020-12-21T11:08:54.2593774+02:00"},{"Score":0.44,"Term":"business","LastUpdated":"2020-12-21T11:08:54.2593774+02:00"},{"Score":0.38,"Term":"op","LastUpdated":"2020-12-21T11:08:54.2593774+02:00"},{"Score":0.38,"Term":"rntte","LastUpdated":"2020-12-21T11:08:54.2593774+02:00"},{"Score":0.36,"Term":"ino","LastUpdated":"2020-12-21T11:08:54.2593774+02:00"},{"Score":0.36,"Term":"hope","LastUpdated":"2020-12-21T11:08:54.2593774+02:00"},{"Score":0.36,"Term":"andrade","LastUpdated":"2020-12-21T11:08:54.2593774+02:00"},{"Score":0.32,"Term":"visit","LastUpdated":"2020-12-21T11:08:54.2593774+02:00"},{"Score":0.3,"Term":"internet","LastUpdated":"2020-12-21T11:08:54.2593774+02:00"},{"Score":0.24,"Term":"phone","LastUpdated":"2020-12-21T11:08:54.2593774+02:00"},{"Score":0.22,"Term":"fax","LastUpdated":"2020-12-21T11:08:54.2593774+02:00"},{"Score":0.2,"Term":"dial","LastUpdated":"2020-12-21T11:08:54.2593774+02:00"},{"Score":0.18,"Term":"relay","LastUpdated":"2020-12-21T11:08:54.2593774+02:00"},{"Score":0.16,"Term":"prepared","LastUpdated":"2020-12-21T11:08:54.2593774+02:00"},{"Score":0.16,"Term":"services","LastUpdated":"2020-12-21T11:08:54.2593774+02:00"},{"Score":0.14,"Term":"delores","LastUpdated":"2020-12-21T11:08:54.2593774+02:00"},{"Score":0.12,"Term":"tid","LastUpdated":"2020-12-21T11:08:54.2593774+02:00"},{"Score":0.12,"Term":"moore","LastUpdated":"2020-12-21T11:08:54.2593774+02:00"},{"Score":0.1,"Term":"document","LastUpdated":"2020-12-21T11:08:54.2593774+02:00"}]},"ParentVectorId":"Documents.Other.Certificate-of-filing","VectorId":"Documents.Other.Certificate-of-filing_1","DocumentCount":2,"TermsWithScores":[{"Score":1.98,"Term":"certificate","LastUpdated":"2020-12-21T11:08:54.260413+02:00"},{"Score":1.84,"Term":"secretary","LastUpdated":"2020-12-21T11:08:54.260413+02:00"},{"Score":1.62,"Term":"filing","LastUpdated":"2020-12-21T11:08:54.260413+02:00"},{"Score":1.56,"Term":"law","LastUpdated":"2020-12-21T11:08:54.260413+02:00"},{"Score":1.52,"Term":"undersigned","LastUpdated":"2020-12-21T11:08:54.260413+02:00"},{"Score":1.48,"Term":"texas","LastUpdated":"2020-12-21T11:08:54.260413+02:00"},{"Score":1.38,"Term":"belize","LastUpdated":"2020-12-21T11:08:54.260413+02:00"},{"Score":1.38,"Term":"association","LastUpdated":"2020-12-21T11:08:54.260413+02:00"},{"Score":1.36,"Term":"houston","LastUpdated":"2020-12-21T11:08:54.260413+02:00"},{"Score":1.34,"Term":"file","LastUpdated":"2020-12-21T11:08:54.260413+02:00"},{"Score":1.24,"Term":"certifies","LastUpdated":"2020-12-21T11:08:54.260413+02:00"},{"Score":1.2,"Term":"formation","LastUpdated":"2020-12-21T11:08:54.260413+02:00"},{"Score":1.16,"Term":"named","LastUpdated":"2020-12-21T11:08:54.260413+02:00"},{"Score":1.16,"Term":"domestic","LastUpdated":"2020-12-21T11:08:54.260413+02:00"},{"Score":1.14,"Term":"nonprofit","LastUpdated":"2020-12-21T11:08:54.260413+02:00"},{"Score":1.14,"Term":"corporation","LastUpdated":"2020-12-21T11:08:54.260413+02:00"},{"Score":1.1,"Term":"received","LastUpdated":"2020-12-21T11:08:54.260413+02:00"},{"Score":1.08,"Term":"office","LastUpdated":"2020-12-21T11:08:54.260413+02:00"},{"Score":1.06,"Term":"conform","LastUpdated":"2020-12-21T11:08:54.260413+02:00"},{"Score":1.04,"Term":"applicable","LastUpdated":"2020-12-21T11:08:54.260413+02:00"},{"Score":1.02,"Term":"effective","LastUpdated":"2020-12-21T11:08:54.260413+02:00"},{"Score":1.02,"Term":"provisions","LastUpdated":"2020-12-21T11:08:54.260413+02:00"},{"Score":0.92,"Term":"virtue","LastUpdated":"2020-12-21T11:08:54.260413+02:00"},{"Score":0.9,"Term":"vested","LastUpdated":"2020-12-21T11:08:54.260413+02:00"},{"Score":0.9,"Term":"authority","LastUpdated":"2020-12-21T11:08:54.260413+02:00"},{"Score":0.84,"Term":"issues","LastUpdated":"2020-12-21T11:08:54.260413+02:00"},{"Score":0.82,"Term":"evidencing","LastUpdated":"2020-12-21T11:08:54.260413+02:00"},{"Score":0.8,"Term":"trademark","LastUpdated":"2020-12-21T11:08:54.260413+02:00"},{"Score":0.74,"Term":"issuance","LastUpdated":"2020-12-21T11:08:54.260413+02:00"},{"Score":0.7,"Term":"authorize","LastUpdated":"2020-12-21T11:08:54.260413+02:00"},{"Score":0.64,"Term":"violation","LastUpdated":"2020-12-21T11:08:54.260413+02:00"},{"Score":0.62,"Term":"rights","LastUpdated":"2020-12-21T11:08:54.260413+02:00"},{"Score":0.58,"Term":"federal","LastUpdated":"2020-12-21T11:08:54.260413+02:00"},{"Score":0.52,"Term":"assumed","LastUpdated":"2020-12-21T11:08:54.260413+02:00"},{"Score":0.5,"Term":"professional","LastUpdated":"2020-12-21T11:08:54.260413+02:00"},{"Score":0.46,"Term":"common","LastUpdated":"2020-12-21T11:08:54.260413+02:00"},{"Score":0.44,"Term":"dated","LastUpdated":"2020-12-21T11:08:54.260413+02:00"},{"Score":0.44,"Term":"business","LastUpdated":"2020-12-21T11:08:54.260413+02:00"},{"Score":0.38,"Term":"op","LastUpdated":"2020-12-21T11:08:54.260413+02:00"},{"Score":0.38,"Term":"rntte","LastUpdated":"2020-12-21T11:08:54.260413+02:00"},{"Score":0.36,"Term":"ino","LastUpdated":"2020-12-21T11:08:54.260413+02:00"},{"Score":0.36,"Term":"hope","LastUpdated":"2020-12-21T11:08:54.260413+02:00"},{"Score":0.36,"Term":"andrade","LastUpdated":"2020-12-21T11:08:54.260413+02:00"},{"Score":0.32,"Term":"visit","LastUpdated":"2020-12-21T11:08:54.260413+02:00"},{"Score":0.3,"Term":"internet","LastUpdated":"2020-12-21T11:08:54.260413+02:00"},{"Score":0.24,"Term":"phone","LastUpdated":"2020-12-21T11:08:54.260413+02:00"},{"Score":0.22,"Term":"fax","LastUpdated":"2020-12-21T11:08:54.260413+02:00"},{"Score":0.2,"Term":"dial","LastUpdated":"2020-12-21T11:08:54.260413+02:00"},{"Score":0.18,"Term":"relay","LastUpdated":"2020-12-21T11:08:54.260413+02:00"},{"Score":0.16,"Term":"prepared","LastUpdated":"2020-12-21T11:08:54.260413+02:00"},{"Score":0.16,"Term":"services","LastUpdated":"2020-12-21T11:08:54.260413+02:00"},{"Score":0.14,"Term":"delores","LastUpdated":"2020-12-21T11:08:54.260413+02:00"},{"Score":0.12,"Term":"tid","LastUpdated":"2020-12-21T11:08:54.260413+02:00"},{"Score":0.12,"Term":"moore","LastUpdated":"2020-12-21T11:08:54.260413+02:00"},{"Score":0.1,"Term":"document","LastUpdated":"2020-12-21T11:08:54.260413+02:00"}]}],"TotalDocumentLength":2170,"PageCount":1,"FirstPageVector":{"VectorId":"Documents.Other.Certificate-of-filing.FirstPage","DocumentCount":2,"TermsWithScores":[{"Score":1.98,"Term":"certificate","LastUpdated":"2020-12-21T11:08:54.2493797+02:00"},{"Score":1.84,"Term":"secretary","LastUpdated":"2020-12-21T11:08:54.2493797+02:00"},{"Score":1.62,"Term":"filing","LastUpdated":"2020-12-21T11:08:54.2493797+02:00"},{"Score":1.56,"Term":"law","LastUpdated":"2020-12-21T11:08:54.2493797+02:00"},{"Score":1.52,"Term":"undersigned","LastUpdated":"2020-12-21T11:08:54.2493797+02:00"},{"Score":1.48,"Term":"texas","LastUpdated":"2020-12-21T11:08:54.2493797+02:00"},{"Score":1.38,"Term":"belize","LastUpdated":"2020-12-21T11:08:54.2493797+02:00"},{"Score":1.38,"Term":"association","LastUpdated":"2020-12-21T11:08:54.2493797+02:00"},{"Score":1.36,"Term":"houston","LastUpdated":"2020-12-21T11:08:54.2493797+02:00"},{"Score":1.34,"Term":"file","LastUpdated":"2020-12-21T11:08:54.2493797+02:00"},{"Score":1.24,"Term":"certifies","LastUpdated":"2020-12-21T11:08:54.2493797+02:00"},{"Score":1.2,"Term":"formation","LastUpdated":"2020-12-21T11:08:54.2493797+02:00"},{"Score":1.16,"Term":"named","LastUpdated":"2020-12-21T11:08:54.2493797+02:00"},{"Score":1.16,"Term":"domestic","LastUpdated":"2020-12-21T11:08:54.2493797+02:00"},{"Score":1.14,"Term":"nonprofit","LastUpdated":"2020-12-21T11:08:54.2493797+02:00"},{"Score":1.14,"Term":"corporation","LastUpdated":"2020-12-21T11:08:54.2493797+02:00"},{"Score":1.1,"Term":"received","LastUpdated":"2020-12-21T11:08:54.2493797+02:00"},{"Score":1.08,"Term":"office","LastUpdated":"2020-12-21T11:08:54.2493797+02:00"},{"Score":1.06,"Term":"conform","LastUpdated":"2020-12-21T11:08:54.2493797+02:00"},{"Score":1.04,"Term":"applicable","LastUpdated":"2020-12-21T11:08:54.2493797+02:00"},{"Score":1.02,"Term":"effective","LastUpdated":"2020-12-21T11:08:54.2493797+02:00"},{"Score":1.02,"Term":"provisions","LastUpdated":"2020-12-21T11:08:54.2493797+02:00"},{"Score":0.92,"Term":"virtue","LastUpdated":"2020-12-21T11:08:54.2493797+02:00"},{"Score":0.9,"Term":"vested","LastUpdated":"2020-12-21T11:08:54.2493797+02:00"},{"Score":0.9,"Term":"authority","LastUpdated":"2020-12-21T11:08:54.2493797+02:00"},{"Score":0.84,"Term":"issues","LastUpdated":"2020-12-21T11:08:54.2493797+02:00"},{"Score":0.82,"Term":"evidencing","LastUpdated":"2020-12-21T11:08:54.2493797+02:00"},{"Score":0.8,"Term":"trademark","LastUpdated":"2020-12-21T11:08:54.2493797+02:00"},{"Score":0.74,"Term":"issuance","LastUpdated":"2020-12-21T11:08:54.2493797+02:00"},{"Score":0.7,"Term":"authorize","LastUpdated":"2020-12-21T11:08:54.2493797+02:00"},{"Score":0.64,"Term":"violation","LastUpdated":"2020-12-21T11:08:54.2493797+02:00"},{"Score":0.62,"Term":"rights","LastUpdated":"2020-12-21T11:08:54.2493797+02:00"},{"Score":0.58,"Term":"federal","LastUpdated":"2020-12-21T11:08:54.2493797+02:00"},{"Score":0.52,"Term":"assumed","LastUpdated":"2020-12-21T11:08:54.2493797+02:00"},{"Score":0.5,"Term":"professional","LastUpdated":"2020-12-21T11:08:54.2493797+02:00"},{"Score":0.46,"Term":"common","LastUpdated":"2020-12-21T11:08:54.2493797+02:00"},{"Score":0.44,"Term":"dated","LastUpdated":"2020-12-21T11:08:54.2493797+02:00"},{"Score":0.44,"Term":"business","LastUpdated":"2020-12-21T11:08:54.2493797+02:00"},{"Score":0.38,"Term":"op","LastUpdated":"2020-12-21T11:08:54.2493797+02:00"},{"Score":0.38,"Term":"rntte","LastUpdated":"2020-12-21T11:08:54.2493797+02:00"},{"Score":0.36,"Term":"ino","LastUpdated":"2020-12-21T11:08:54.2493797+02:00"},{"Score":0.36,"Term":"hope","LastUpdated":"2020-12-21T11:08:54.2493797+02:00"},{"Score":0.36,"Term":"andrade","LastUpdated":"2020-12-21T11:08:54.2493797+02:00"},{"Score":0.32,"Term":"visit","LastUpdated":"2020-12-21T11:08:54.2493797+02:00"},{"Score":0.3,"Term":"internet","LastUpdated":"2020-12-21T11:08:54.2493797+02:00"},{"Score":0.24,"Term":"phone","LastUpdated":"2020-12-21T11:08:54.2493797+02:00"},{"Score":0.22,"Term":"fax","LastUpdated":"2020-12-21T11:08:54.2493797+02:00"},{"Score":0.2,"Term":"dial","LastUpdated":"2020-12-21T11:08:54.2493797+02:00"},{"Score":0.18,"Term":"relay","LastUpdated":"2020-12-21T11:08:54.2493797+02:00"},{"Score":0.16,"Term":"prepared","LastUpdated":"2020-12-21T11:08:54.2493797+02:00"},{"Score":0.16,"Term":"services","LastUpdated":"2020-12-21T11:08:54.2493797+02:00"},{"Score":0.14,"Term":"delores","LastUpdated":"2020-12-21T11:08:54.2493797+02:00"},{"Score":0.12,"Term":"tid","LastUpdated":"2020-12-21T11:08:54.2493797+02:00"},{"Score":0.12,"Term":"moore","LastUpdated":"2020-12-21T11:08:54.2493797+02:00"},{"Score":0.1,"Term":"document","LastUpdated":"2020-12-21T11:08:54.2493797+02:00"}]},"ParentVectorId":null,"VectorId":"Documents.Other.Certificate-of-filing","DocumentCount":2,"TermsWithScores":[{"Score":1.98,"Term":"certificate","LastUpdated":"2020-12-21T11:08:54.2593774+02:00"},{"Score":1.84,"Term":"secretary","LastUpdated":"2020-12-21T11:08:54.2593774+02:00"},{"Score":1.62,"Term":"filing","LastUpdated":"2020-12-21T11:08:54.2593774+02:00"},{"Score":1.56,"Term":"law","LastUpdated":"2020-12-21T11:08:54.2593774+02:00"},{"Score":1.52,"Term":"undersigned","LastUpdated":"2020-12-21T11:08:54.2593774+02:00"},{"Score":1.48,"Term":"texas","LastUpdated":"2020-12-21T11:08:54.2593774+02:00"},{"Score":1.38,"Term":"belize","LastUpdated":"2020-12-21T11:08:54.2593774+02:00"},{"Score":1.38,"Term":"association","LastUpdated":"2020-12-21T11:08:54.2593774+02:00"},{"Score":1.36,"Term":"houston","LastUpdated":"2020-12-21T11:08:54.2593774+02:00"},{"Score":1.34,"Term":"file","LastUpdated":"2020-12-21T11:08:54.2593774+02:00"},{"Score":1.24,"Term":"certifies","LastUpdated":"2020-12-21T11:08:54.2593774+02:00"},{"Score":1.2,"Term":"formation","LastUpdated":"2020-12-21T11:08:54.2593774+02:00"},{"Score":1.16,"Term":"named","LastUpdated":"2020-12-21T11:08:54.2593774+02:00"},{"Score":1.16,"Term":"domestic","LastUpdated":"2020-12-21T11:08:54.2593774+02:00"},{"Score":1.14,"Term":"nonprofit","LastUpdated":"2020-12-21T11:08:54.2593774+02:00"},{"Score":1.14,"Term":"corporation","LastUpdated":"2020-12-21T11:08:54.2593774+02:00"},{"Score":1.1,"Term":"received","LastUpdated":"2020-12-21T11:08:54.2593774+02:00"},{"Score":1.08,"Term":"office","LastUpdated":"2020-12-21T11:08:54.2593774+02:00"},{"Score":1.06,"Term":"conform","LastUpdated":"2020-12-21T11:08:54.2593774+02:00"},{"Score":1.04,"Term":"applicable","LastUpdated":"2020-12-21T11:08:54.2593774+02:00"},{"Score":1.02,"Term":"effective","LastUpdated":"2020-12-21T11:08:54.2593774+02:00"},{"Score":1.02,"Term":"provisions","LastUpdated":"2020-12-21T11:08:54.2593774+02:00"},{"Score":0.92,"Term":"virtue","LastUpdated":"2020-12-21T11:08:54.2593774+02:00"},{"Score":0.9,"Term":"vested","LastUpdated":"2020-12-21T11:08:54.2593774+02:00"},{"Score":0.9,"Term":"authority","LastUpdated":"2020-12-21T11:08:54.2593774+02:00"},{"Score":0.84,"Term":"issues","LastUpdated":"2020-12-21T11:08:54.2593774+02:00"},{"Score":0.82,"Term":"evidencing","LastUpdated":"2020-12-21T11:08:54.2593774+02:00"},{"Score":0.8,"Term":"trademark","LastUpdated":"2020-12-21T11:08:54.2593774+02:00"},{"Score":0.74,"Term":"issuance","LastUpdated":"2020-12-21T11:08:54.2593774+02:00"},{"Score":0.7,"Term":"authorize","LastUpdated":"2020-12-21T11:08:54.2593774+02:00"},{"Score":0.64,"Term":"violation","LastUpdated":"2020-12-21T11:08:54.2593774+02:00"},{"Score":0.62,"Term":"rights","LastUpdated":"2020-12-21T11:08:54.2593774+02:00"},{"Score":0.58,"Term":"federal","LastUpdated":"2020-12-21T11:08:54.2593774+02:00"},{"Score":0.52,"Term":"assumed","LastUpdated":"2020-12-21T11:08:54.2593774+02:00"},{"Score":0.5,"Term":"professional","LastUpdated":"2020-12-21T11:08:54.2593774+02:00"},{"Score":0.46,"Term":"common","LastUpdated":"2020-12-21T11:08:54.2593774+02:00"},{"Score":0.44,"Term":"dated","LastUpdated":"2020-12-21T11:08:54.2593774+02:00"},{"Score":0.44,"Term":"business","LastUpdated":"2020-12-21T11:08:54.2593774+02:00"},{"Score":0.38,"Term":"op","LastUpdated":"2020-12-21T11:08:54.2593774+02:00"},{"Score":0.38,"Term":"rntte","LastUpdated":"2020-12-21T11:08:54.2593774+02:00"},{"Score":0.36,"Term":"ino","LastUpdated":"2020-12-21T11:08:54.2593774+02:00"},{"Score":0.36,"Term":"hope","LastUpdated":"2020-12-21T11:08:54.2593774+02:00"},{"Score":0.36,"Term":"andrade","LastUpdated":"2020-12-21T11:08:54.2593774+02:00"},{"Score":0.32,"Term":"visit","LastUpdated":"2020-12-21T11:08:54.2593774+02:00"},{"Score":0.3,"Term":"internet","LastUpdated":"2020-12-21T11:08:54.2593774+02:00"},{"Score":0.24,"Term":"phone","LastUpdated":"2020-12-21T11:08:54.2593774+02:00"},{"Score":0.22,"Term":"fax","LastUpdated":"2020-12-21T11:08:54.2593774+02:00"},{"Score":0.2,"Term":"dial","LastUpdated":"2020-12-21T11:08:54.2593774+02:00"},{"Score":0.18,"Term":"relay","LastUpdated":"2020-12-21T11:08:54.2593774+02:00"},{"Score":0.16,"Term":"prepared","LastUpdated":"2020-12-21T11:08:54.2593774+02:00"},{"Score":0.16,"Term":"services","LastUpdated":"2020-12-21T11:08:54.2593774+02:00"},{"Score":0.14,"Term":"delores","LastUpdated":"2020-12-21T11:08:54.2593774+02:00"},{"Score":0.12,"Term":"tid","LastUpdated":"2020-12-21T11:08:54.2593774+02:00"},{"Score":0.12,"Term":"moore","LastUpdated":"2020-12-21T11:08:54.2593774+02:00"},{"Score":0.1,"Term":"document","LastUpdated":"2020-12-21T11:08:54.2593774+02:00"}]},{"DocumentKeywordVectors":[{"TotalDocumentLength":2028,"PageCount":1,"FirstPageVector":{"VectorId":"Semi-StructuredDocuments.Financial.Invoice_1.FirstPage","DocumentCount":3,"TermsWithScores":[{"Score":2.91,"Term":"invoice","LastUpdated":"2020-12-21T11:08:54.2894207+02:00"},{"Score":2.34,"Term":"choam","LastUpdated":"2020-12-21T11:08:54.2894207+02:00"},{"Score":2.31,"Term":"shield","LastUpdated":"2020-12-21T11:08:54.2894207+02:00"},{"Score":2.31,"Term":"wall","LastUpdated":"2020-12-21T11:08:54.2894207+02:00"},{"Score":2.28,"Term":"ave","LastUpdated":"2020-12-21T11:08:54.2894207+02:00"},{"Score":2.13,"Term":"sirius","LastUpdated":"2020-12-21T11:08:54.2894207+02:00"},{"Score":2.13,"Term":"cybernetics","LastUpdated":"2020-12-21T11:08:54.2894207+02:00"},{"Score":2.1,"Term":"corp","LastUpdated":"2020-12-21T11:08:54.2894207+02:00"},{"Score":2.07,"Term":"carthag","LastUpdated":"2020-12-21T11:08:54.2894207+02:00"},{"Score":2.04,"Term":"street","LastUpdated":"2020-12-21T11:08:54.2894207+02:00"},{"Score":2.04,"Term":"bell","LastUpdated":"2020-12-21T11:08:54.2894207+02:00"},{"Score":2.01,"Term":"york","LastUpdated":"2020-12-21T11:08:54.2894207+02:00"},{"Score":1.98,"Term":"ny","LastUpdated":"2020-12-21T11:08:54.2894207+02:00"},{"Score":1.98,"Term":"arrakis","LastUpdated":"2020-12-21T11:08:54.2894207+02:00"},{"Score":1.86,"Term":"ship","LastUpdated":"2020-12-21T11:08:54.2894207+02:00"},{"Score":1.35,"Term":"qty","LastUpdated":"2020-12-21T11:08:54.2894207+02:00"},{"Score":1.35,"Term":"description","LastUpdated":"2020-12-21T11:08:54.2894207+02:00"},{"Score":1.23,"Term":"unit","LastUpdated":"2020-12-21T11:08:54.2894207+02:00"},{"Score":1.2,"Term":"price","LastUpdated":"2020-12-21T11:08:54.2894207+02:00"},{"Score":1.14,"Term":"nutrimatic","LastUpdated":"2020-12-21T11:08:54.2894207+02:00"},{"Score":1.11,"Term":"drinks","LastUpdated":"2020-12-21T11:08:54.2894207+02:00"},{"Score":1.08,"Term":"dispenser","LastUpdated":"2020-12-21T11:08:54.2894207+02:00"},{"Score":0.93,"Term":"shipboard","LastUpdated":"2020-12-21T11:08:54.2894207+02:00"},{"Score":0.9,"Term":"eddie","LastUpdated":"2020-12-21T11:08:54.2894207+02:00"},{"Score":0.75,"Term":"happy","LastUpdated":"2020-12-21T11:08:54.2894207+02:00"},{"Score":0.72,"Term":"vertical","LastUpdated":"2020-12-21T11:08:54.2894207+02:00"},{"Score":0.69,"Term":"transporters","LastUpdated":"2020-12-21T11:08:54.2894207+02:00"},{"Score":0.69,"Term":"people","LastUpdated":"2020-12-21T11:08:54.2894207+02:00"},{"Score":0.57,"Term":"subtotal","LastUpdated":"2020-12-21T11:08:54.2894207+02:00"},{"Score":0.48,"Term":"vat","LastUpdated":"2020-12-21T11:08:54.2894207+02:00"},{"Score":0.42,"Term":"total","LastUpdated":"2020-12-21T11:08:54.2894207+02:00"},{"Score":0.33,"Term":"terms","LastUpdated":"2020-12-21T11:08:54.2894207+02:00"},{"Score":0.33,"Term":"conditions","LastUpdated":"2020-12-21T11:08:54.2894207+02:00"},{"Score":0.3,"Term":"payment","LastUpdated":"2020-12-21T11:08:54.2894207+02:00"},{"Score":0.21,"Term":"days","LastUpdated":"2020-12-21T11:08:54.2894207+02:00"}]},"ParentVectorId":"Semi-StructuredDocuments.Financial.Invoice","VectorId":"Semi-StructuredDocuments.Financial.Invoice_1","DocumentCount":3,"TermsWithScores":[{"Score":2.91,"Term":"invoice","LastUpdated":"2020-12-21T11:08:54.2894207+02:00"},{"Score":2.34,"Term":"choam","LastUpdated":"2020-12-21T11:08:54.2894207+02:00"},{"Score":2.31,"Term":"shield","LastUpdated":"2020-12-21T11:08:54.2894207+02:00"},{"Score":2.31,"Term":"wall","LastUpdated":"2020-12-21T11:08:54.2894207+02:00"},{"Score":2.28,"Term":"ave","LastUpdated":"2020-12-21T11:08:54.2894207+02:00"},{"Score":2.13,"Term":"sirius","LastUpdated":"2020-12-21T11:08:54.2894207+02:00"},{"Score":2.13,"Term":"cybernetics","LastUpdated":"2020-12-21T11:08:54.2894207+02:00"},{"Score":2.1,"Term":"corp","LastUpdated":"2020-12-21T11:08:54.2894207+02:00"},{"Score":2.07,"Term":"carthag","LastUpdated":"2020-12-21T11:08:54.2894207+02:00"},{"Score":2.04,"Term":"street","LastUpdated":"2020-12-21T11:08:54.2894207+02:00"},{"Score":2.04,"Term":"bell","LastUpdated":"2020-12-21T11:08:54.2894207+02:00"},{"Score":2.01,"Term":"york","LastUpdated":"2020-12-21T11:08:54.2894207+02:00"},{"Score":1.98,"Term":"ny","LastUpdated":"2020-12-21T11:08:54.2894207+02:00"},{"Score":1.98,"Term":"arrakis","LastUpdated":"2020-12-21T11:08:54.2894207+02:00"},{"Score":1.86,"Term":"ship","LastUpdated":"2020-12-21T11:08:54.2894207+02:00"},{"Score":1.35,"Term":"qty","LastUpdated":"2020-12-21T11:08:54.2894207+02:00"},{"Score":1.35,"Term":"description","LastUpdated":"2020-12-21T11:08:54.2894207+02:00"},{"Score":1.23,"Term":"unit","LastUpdated":"2020-12-21T11:08:54.2894207+02:00"},{"Score":1.2,"Term":"price","LastUpdated":"2020-12-21T11:08:54.2894207+02:00"},{"Score":1.14,"Term":"nutrimatic","LastUpdated":"2020-12-21T11:08:54.2894207+02:00"},{"Score":1.11,"Term":"drinks","LastUpdated":"2020-12-21T11:08:54.2894207+02:00"},{"Score":1.08,"Term":"dispenser","LastUpdated":"2020-12-21T11:08:54.2894207+02:00"},{"Score":0.93,"Term":"shipboard","LastUpdated":"2020-12-21T11:08:54.2894207+02:00"},{"Score":0.9,"Term":"eddie","LastUpdated":"2020-12-21T11:08:54.2894207+02:00"},{"Score":0.75,"Term":"happy","LastUpdated":"2020-12-21T11:08:54.2894207+02:00"},{"Score":0.72,"Term":"vertical","LastUpdated":"2020-12-21T11:08:54.2894207+02:00"},{"Score":0.69,"Term":"transporters","LastUpdated":"2020-12-21T11:08:54.2894207+02:00"},{"Score":0.69,"Term":"people","LastUpdated":"2020-12-21T11:08:54.2894207+02:00"},{"Score":0.57,"Term":"subtotal","LastUpdated":"2020-12-21T11:08:54.2894207+02:00"},{"Score":0.48,"Term":"vat","LastUpdated":"2020-12-21T11:08:54.2894207+02:00"},{"Score":0.42,"Term":"total","LastUpdated":"2020-12-21T11:08:54.2894207+02:00"},{"Score":0.33,"Term":"terms","LastUpdated":"2020-12-21T11:08:54.2894207+02:00"},{"Score":0.33,"Term":"conditions","LastUpdated":"2020-12-21T11:08:54.2894207+02:00"},{"Score":0.3,"Term":"payment","LastUpdated":"2020-12-21T11:08:54.2894207+02:00"},{"Score":0.21,"Term":"days","LastUpdated":"2020-12-21T11:08:54.2894207+02:00"}]}],"TotalDocumentLength":2028,"PageCount":1,"FirstPageVector":{"VectorId":"Semi-StructuredDocuments.Financial.Invoice.FirstPage","DocumentCount":3,"TermsWithScores":[{"Score":2.91,"Term":"invoice","LastUpdated":"2020-12-21T11:08:54.2894207+02:00"},{"Score":2.34,"Term":"choam","LastUpdated":"2020-12-21T11:08:54.2894207+02:00"},{"Score":2.31,"Term":"shield","LastUpdated":"2020-12-21T11:08:54.2894207+02:00"},{"Score":2.31,"Term":"wall","LastUpdated":"2020-12-21T11:08:54.2894207+02:00"},{"Score":2.28,"Term":"ave","LastUpdated":"2020-12-21T11:08:54.2894207+02:00"},{"Score":2.13,"Term":"sirius","LastUpdated":"2020-12-21T11:08:54.2894207+02:00"},{"Score":2.13,"Term":"cybernetics","LastUpdated":"2020-12-21T11:08:54.2894207+02:00"},{"Score":2.1,"Term":"corp","LastUpdated":"2020-12-21T11:08:54.2894207+02:00"},{"Score":2.07,"Term":"carthag","LastUpdated":"2020-12-21T11:08:54.2894207+02:00"},{"Score":2.04,"Term":"street","LastUpdated":"2020-12-21T11:08:54.2894207+02:00"},{"Score":2.04,"Term":"bell","LastUpdated":"2020-12-21T11:08:54.2894207+02:00"},{"Score":2.01,"Term":"york","LastUpdated":"2020-12-21T11:08:54.2894207+02:00"},{"Score":1.98,"Term":"ny","LastUpdated":"2020-12-21T11:08:54.2894207+02:00"},{"Score":1.98,"Term":"arrakis","LastUpdated":"2020-12-21T11:08:54.2894207+02:00"},{"Score":1.86,"Term":"ship","LastUpdated":"2020-12-21T11:08:54.2894207+02:00"},{"Score":1.35,"Term":"qty","LastUpdated":"2020-12-21T11:08:54.2894207+02:00"},{"Score":1.35,"Term":"description","LastUpdated":"2020-12-21T11:08:54.2894207+02:00"},{"Score":1.23,"Term":"unit","LastUpdated":"2020-12-21T11:08:54.2894207+02:00"},{"Score":1.2,"Term":"price","LastUpdated":"2020-12-21T11:08:54.2894207+02:00"},{"Score":1.14,"Term":"nutrimatic","LastUpdated":"2020-12-21T11:08:54.2894207+02:00"},{"Score":1.11,"Term":"drinks","LastUpdated":"2020-12-21T11:08:54.2894207+02:00"},{"Score":1.08,"Term":"dispenser","LastUpdated":"2020-12-21T11:08:54.2894207+02:00"},{"Score":0.93,"Term":"shipboard","LastUpdated":"2020-12-21T11:08:54.2894207+02:00"},{"Score":0.9,"Term":"eddie","LastUpdated":"2020-12-21T11:08:54.2894207+02:00"},{"Score":0.75,"Term":"happy","LastUpdated":"2020-12-21T11:08:54.2894207+02:00"},{"Score":0.72,"Term":"vertical","LastUpdated":"2020-12-21T11:08:54.2894207+02:00"},{"Score":0.69,"Term":"transporters","LastUpdated":"2020-12-21T11:08:54.2894207+02:00"},{"Score":0.69,"Term":"people","LastUpdated":"2020-12-21T11:08:54.2894207+02:00"},{"Score":0.57,"Term":"subtotal","LastUpdated":"2020-12-21T11:08:54.2894207+02:00"},{"Score":0.48,"Term":"vat","LastUpdated":"2020-12-21T11:08:54.2894207+02:00"},{"Score":0.42,"Term":"total","LastUpdated":"2020-12-21T11:08:54.2894207+02:00"},{"Score":0.33,"Term":"terms","LastUpdated":"2020-12-21T11:08:54.2894207+02:00"},{"Score":0.33,"Term":"conditions","LastUpdated":"2020-12-21T11:08:54.2894207+02:00"},{"Score":0.3,"Term":"payment","LastUpdated":"2020-12-21T11:08:54.2894207+02:00"},{"Score":0.21,"Term":"days","LastUpdated":"2020-12-21T11:08:54.2894207+02:00"}]},"ParentVectorId":null,"VectorId":"Semi-StructuredDocuments.Financial.Invoice","DocumentCount":3,"TermsWithScores":[{"Score":2.91,"Term":"invoice","LastUpdated":"2020-12-21T11:08:54.2894207+02:00"},{"Score":2.34,"Term":"choam","LastUpdated":"2020-12-21T11:08:54.2894207+02:00"},{"Score":2.31,"Term":"shield","LastUpdated":"2020-12-21T11:08:54.2894207+02:00"},{"Score":2.31,"Term":"wall","LastUpdated":"2020-12-21T11:08:54.2894207+02:00"},{"Score":2.28,"Term":"ave","LastUpdated":"2020-12-21T11:08:54.2894207+02:00"},{"Score":2.13,"Term":"sirius","LastUpdated":"2020-12-21T11:08:54.2894207+02:00"},{"Score":2.13,"Term":"cybernetics","LastUpdated":"2020-12-21T11:08:54.2894207+02:00"},{"Score":2.1,"Term":"corp","LastUpdated":"2020-12-21T11:08:54.2894207+02:00"},{"Score":2.07,"Term":"carthag","LastUpdated":"2020-12-21T11:08:54.2894207+02:00"},{"Score":2.04,"Term":"street","LastUpdated":"2020-12-21T11:08:54.2894207+02:00"},{"Score":2.04,"Term":"bell","LastUpdated":"2020-12-21T11:08:54.2894207+02:00"},{"Score":2.01,"Term":"york","LastUpdated":"2020-12-21T11:08:54.2894207+02:00"},{"Score":1.98,"Term":"ny","LastUpdated":"2020-12-21T11:08:54.2894207+02:00"},{"Score":1.98,"Term":"arrakis","LastUpdated":"2020-12-21T11:08:54.2894207+02:00"},{"Score":1.86,"Term":"ship","LastUpdated":"2020-12-21T11:08:54.2894207+02:00"},{"Score":1.35,"Term":"qty","LastUpdated":"2020-12-21T11:08:54.2894207+02:00"},{"Score":1.35,"Term":"description","LastUpdated":"2020-12-21T11:08:54.2894207+02:00"},{"Score":1.23,"Term":"unit","LastUpdated":"2020-12-21T11:08:54.2894207+02:00"},{"Score":1.2,"Term":"price","LastUpdated":"2020-12-21T11:08:54.2894207+02:00"},{"Score":1.14,"Term":"nutrimatic","LastUpdated":"2020-12-21T11:08:54.2894207+02:00"},{"Score":1.11,"Term":"drinks","LastUpdated":"2020-12-21T11:08:54.2894207+02:00"},{"Score":1.08,"Term":"dispenser","LastUpdated":"2020-12-21T11:08:54.2894207+02:00"},{"Score":0.93,"Term":"shipboard","LastUpdated":"2020-12-21T11:08:54.2894207+02:00"},{"Score":0.9,"Term":"eddie","LastUpdated":"2020-12-21T11:08:54.2894207+02:00"},{"Score":0.75,"Term":"happy","LastUpdated":"2020-12-21T11:08:54.2894207+02:00"},{"Score":0.72,"Term":"vertical","LastUpdated":"2020-12-21T11:08:54.2894207+02:00"},{"Score":0.69,"Term":"transporters","LastUpdated":"2020-12-21T11:08:54.2894207+02:00"},{"Score":0.69,"Term":"people","LastUpdated":"2020-12-21T11:08:54.2894207+02:00"},{"Score":0.57,"Term":"subtotal","LastUpdated":"2020-12-21T11:08:54.2894207+02:00"},{"Score":0.48,"Term":"vat","LastUpdated":"2020-12-21T11:08:54.2894207+02:00"},{"Score":0.42,"Term":"total","LastUpdated":"2020-12-21T11:08:54.2894207+02:00"},{"Score":0.33,"Term":"terms","LastUpdated":"2020-12-21T11:08:54.2894207+02:00"},{"Score":0.33,"Term":"conditions","LastUpdated":"2020-12-21T11:08:54.2894207+02:00"},{"Score":0.3,"Term":"payment","LastUpdated":"2020-12-21T11:08:54.2894207+02:00"},{"Score":0.21,"Term":"days","LastUpdated":"2020-12-21T11:08:54.2894207+02:00"}]},{"DocumentKeywordVectors":[{"TotalDocumentLength":1752,"PageCount":1,"FirstPageVector":{"VectorId":"Semi-StructuredDocuments.Financial.Receipt_1.FirstPage","DocumentCount":2,"TermsWithScores":[{"Score":1.68,"Term":"time","LastUpdated":"2020-12-21T11:08:54.3243764+02:00"},{"Score":1.64,"Term":"wen","LastUpdated":"2020-12-21T11:08:54.3243764+02:00"},{"Score":1.64,"Term":"jikun","LastUpdated":"2020-12-21T11:08:54.3243764+02:00"},{"Score":1.5,"Term":"dumplings","LastUpdated":"2020-12-21T11:08:54.3243764+02:00"},{"Score":1.48,"Term":"dough","LastUpdated":"2020-12-21T11:08:54.3233755+02:00"},{"Score":1.48,"Term":"zone","LastUpdated":"2020-12-21T11:08:54.3233755+02:00"},{"Score":1.46,"Term":"nw","LastUpdated":"2020-12-21T11:08:54.3233755+02:00"},{"Score":1.46,"Term":"gilman","LastUpdated":"2020-12-21T11:08:54.3243764+02:00"},{"Score":1.44,"Term":"blvd","LastUpdated":"2020-12-21T11:08:54.3243764+02:00"},{"Score":1.44,"Term":"suite","LastUpdated":"2020-12-21T11:08:54.3243764+02:00"},{"Score":1.42,"Term":"issaquah","LastUpdated":"2020-12-21T11:08:54.3233755+02:00"},{"Score":1.42,"Term":"wa","LastUpdated":"2020-12-21T11:08:54.3233755+02:00"},{"Score":1.4,"Term":"phone","LastUpdated":"2020-12-21T11:08:54.3243764+02:00"},{"Score":1.32,"Term":"server","LastUpdated":"2020-12-21T11:08:54.3243764+02:00"},{"Score":1.26,"Term":"table","LastUpdated":"2020-12-21T11:08:54.3243764+02:00"},{"Score":1.24,"Term":"green","LastUpdated":"2020-12-21T11:08:54.3243764+02:00"},{"Score":1.24,"Term":"onion","LastUpdated":"2020-12-21T11:08:54.3243764+02:00"},{"Score":1.22,"Term":"pancakes","LastUpdated":"2020-12-21T11:08:54.3243764+02:00"},{"Score":1.18,"Term":"pan","LastUpdated":"2020-12-21T11:08:54.3243764+02:00"},{"Score":1.18,"Term":"fried","LastUpdated":"2020-12-21T11:08:54.3243764+02:00"},{"Score":1.16,"Term":"leek","LastUpdated":"2020-12-21T11:08:54.3233755+02:00"},{"Score":1.12,"Term":"xiao","LastUpdated":"2020-12-21T11:08:54.3243764+02:00"},{"Score":1.12,"Term":"pork","LastUpdated":"2020-12-21T11:08:54.3243764+02:00"},{"Score":1.02,"Term":"potstickers","LastUpdated":"2020-12-21T11:08:54.3233755+02:00"},{"Score":1.02,"Term":"chicken","LastUpdated":"2020-12-21T11:08:54.3243764+02:00"},{"Score":0.94,"Term":"mushroom","LastUpdated":"2020-12-21T11:08:54.3233755+02:00"},{"Score":0.94,"Term":"tomato","LastUpdated":"2020-12-21T11:08:54.3243764+02:00"},{"Score":0.92,"Term":"steamed","LastUpdated":"2020-12-21T11:08:54.3243764+02:00"},{"Score":0.9,"Term":"dumpl","LastUpdated":"2020-12-21T11:08:54.3243764+02:00"},{"Score":0.86,"Term":"zucchini","LastUpdated":"2020-12-21T11:08:54.3233755+02:00"},{"Score":0.84,"Term":"shrimp","LastUpdated":"2020-12-21T11:08:54.3243764+02:00"},{"Score":0.78,"Term":"beef","LastUpdated":"2020-12-21T11:08:54.3233755+02:00"},{"Score":0.78,"Term":"stew","LastUpdated":"2020-12-21T11:08:54.3233755+02:00"},{"Score":0.76,"Term":"nodle","LastUpdated":"2020-12-21T11:08:54.3243764+02:00"},{"Score":0.76,"Term":"soup","LastUpdated":"2020-12-21T11:08:54.3243764+02:00"},{"Score":0.74,"Term":"spicy","LastUpdated":"2020-12-21T11:08:54.3243764+02:00"},{"Score":0.66,"Term":"noodle","LastUpdated":"2020-12-21T11:08:54.3233755+02:00"},{"Score":0.66,"Term":"dandan","LastUpdated":"2020-12-21T11:08:54.3243764+02:00"},{"Score":0.62,"Term":"tnai","LastUpdated":"2020-12-21T11:08:54.3243764+02:00"},{"Score":0.56,"Term":"banana","LastUpdated":"2020-12-21T11:08:54.3233755+02:00"},{"Score":0.56,"Term":"bread","LastUpdated":"2020-12-21T11:08:54.3243764+02:00"},{"Score":0.56,"Term":"naan","LastUpdated":"2020-12-21T11:08:54.3243764+02:00"},{"Score":0.46,"Term":"madle","LastUpdated":"2020-12-21T11:08:54.3243764+02:00"},{"Score":0.46,"Term":"plum","LastUpdated":"2020-12-21T11:08:54.3243764+02:00"},{"Score":0.46,"Term":"house","LastUpdated":"2020-12-21T11:08:54.3243764+02:00"},{"Score":0.44,"Term":"juice","LastUpdated":"2020-12-21T11:08:54.3243764+02:00"},{"Score":0.42,"Term":"iunut","LastUpdated":"2020-12-21T11:08:54.3243764+02:00"},{"Score":0.38,"Term":"subtotal","LastUpdated":"2020-12-21T11:08:54.3233755+02:00"},{"Score":0.32,"Term":"tax","LastUpdated":"2020-12-21T11:08:54.3243764+02:00"},{"Score":0.26,"Term":"ttotal","LastUpdated":"2020-12-21T11:08:54.3243764+02:00"},{"Score":0.24,"Term":"clpen","LastUpdated":"2020-12-21T11:08:54.3243764+02:00"},{"Score":0.2,"Term":"printed","LastUpdated":"2020-12-21T11:08:54.3243764+02:00"}]},"ParentVectorId":"Semi-StructuredDocuments.Financial.Receipt","VectorId":"Semi-StructuredDocuments.Financial.Receipt_1","DocumentCount":2,"TermsWithScores":[{"Score":1.68,"Term":"time","LastUpdated":"2020-12-21T11:08:54.3243764+02:00"},{"Score":1.64,"Term":"wen","LastUpdated":"2020-12-21T11:08:54.3243764+02:00"},{"Score":1.64,"Term":"jikun","LastUpdated":"2020-12-21T11:08:54.3243764+02:00"},{"Score":1.5,"Term":"dumplings","LastUpdated":"2020-12-21T11:08:54.3243764+02:00"},{"Score":1.48,"Term":"dough","LastUpdated":"2020-12-21T11:08:54.3243764+02:00"},{"Score":1.48,"Term":"zone","LastUpdated":"2020-12-21T11:08:54.3243764+02:00"},{"Score":1.46,"Term":"nw","LastUpdated":"2020-12-21T11:08:54.3243764+02:00"},{"Score":1.46,"Term":"gilman","LastUpdated":"2020-12-21T11:08:54.3243764+02:00"},{"Score":1.44,"Term":"blvd","LastUpdated":"2020-12-21T11:08:54.3243764+02:00"},{"Score":1.44,"Term":"suite","LastUpdated":"2020-12-21T11:08:54.3243764+02:00"},{"Score":1.42,"Term":"issaquah","LastUpdated":"2020-12-21T11:08:54.3243764+02:00"},{"Score":1.42,"Term":"wa","LastUpdated":"2020-12-21T11:08:54.3243764+02:00"},{"Score":1.4,"Term":"phone","LastUpdated":"2020-12-21T11:08:54.3243764+02:00"},{"Score":1.32,"Term":"server","LastUpdated":"2020-12-21T11:08:54.3243764+02:00"},{"Score":1.26,"Term":"table","LastUpdated":"2020-12-21T11:08:54.3243764+02:00"},{"Score":1.24,"Term":"green","LastUpdated":"2020-12-21T11:08:54.3243764+02:00"},{"Score":1.24,"Term":"onion","LastUpdated":"2020-12-21T11:08:54.3243764+02:00"},{"Score":1.22,"Term":"pancakes","LastUpdated":"2020-12-21T11:08:54.3243764+02:00"},{"Score":1.18,"Term":"pan","LastUpdated":"2020-12-21T11:08:54.3243764+02:00"},{"Score":1.18,"Term":"fried","LastUpdated":"2020-12-21T11:08:54.3243764+02:00"},{"Score":1.16,"Term":"leek","LastUpdated":"2020-12-21T11:08:54.3243764+02:00"},{"Score":1.12,"Term":"xiao","LastUpdated":"2020-12-21T11:08:54.3243764+02:00"},{"Score":1.12,"Term":"pork","LastUpdated":"2020-12-21T11:08:54.3243764+02:00"},{"Score":1.02,"Term":"potstickers","LastUpdated":"2020-12-21T11:08:54.3243764+02:00"},{"Score":1.02,"Term":"chicken","LastUpdated":"2020-12-21T11:08:54.3243764+02:00"},{"Score":0.94,"Term":"mushroom","LastUpdated":"2020-12-21T11:08:54.3243764+02:00"},{"Score":0.94,"Term":"tomato","LastUpdated":"2020-12-21T11:08:54.3243764+02:00"},{"Score":0.92,"Term":"steamed","LastUpdated":"2020-12-21T11:08:54.3243764+02:00"},{"Score":0.9,"Term":"dumpl","LastUpdated":"2020-12-21T11:08:54.3243764+02:00"},{"Score":0.86,"Term":"zucchini","LastUpdated":"2020-12-21T11:08:54.3243764+02:00"},{"Score":0.84,"Term":"shrimp","LastUpdated":"2020-12-21T11:08:54.3243764+02:00"},{"Score":0.78,"Term":"beef","LastUpdated":"2020-12-21T11:08:54.3243764+02:00"},{"Score":0.78,"Term":"stew","LastUpdated":"2020-12-21T11:08:54.3243764+02:00"},{"Score":0.76,"Term":"nodle","LastUpdated":"2020-12-21T11:08:54.3243764+02:00"},{"Score":0.76,"Term":"soup","LastUpdated":"2020-12-21T11:08:54.3243764+02:00"},{"Score":0.74,"Term":"spicy","LastUpdated":"2020-12-21T11:08:54.3243764+02:00"},{"Score":0.66,"Term":"noodle","LastUpdated":"2020-12-21T11:08:54.3243764+02:00"},{"Score":0.66,"Term":"dandan","LastUpdated":"2020-12-21T11:08:54.3243764+02:00"},{"Score":0.62,"Term":"tnai","LastUpdated":"2020-12-21T11:08:54.3243764+02:00"},{"Score":0.56,"Term":"banana","LastUpdated":"2020-12-21T11:08:54.3243764+02:00"},{"Score":0.56,"Term":"bread","LastUpdated":"2020-12-21T11:08:54.3243764+02:00"},{"Score":0.56,"Term":"naan","LastUpdated":"2020-12-21T11:08:54.3243764+02:00"},{"Score":0.46,"Term":"madle","LastUpdated":"2020-12-21T11:08:54.3243764+02:00"},{"Score":0.46,"Term":"plum","LastUpdated":"2020-12-21T11:08:54.3243764+02:00"},{"Score":0.46,"Term":"house","LastUpdated":"2020-12-21T11:08:54.3243764+02:00"},{"Score":0.44,"Term":"juice","LastUpdated":"2020-12-21T11:08:54.3243764+02:00"},{"Score":0.42,"Term":"iunut","LastUpdated":"2020-12-21T11:08:54.3243764+02:00"},{"Score":0.38,"Term":"subtotal","LastUpdated":"2020-12-21T11:08:54.3243764+02:00"},{"Score":0.32,"Term":"tax","LastUpdated":"2020-12-21T11:08:54.3243764+02:00"},{"Score":0.26,"Term":"ttotal","LastUpdated":"2020-12-21T11:08:54.3243764+02:00"},{"Score":0.24,"Term":"clpen","LastUpdated":"2020-12-21T11:08:54.3243764+02:00"},{"Score":0.2,"Term":"printed","LastUpdated":"2020-12-21T11:08:54.3243764+02:00"}]}],"TotalDocumentLength":1752,"PageCount":1,"FirstPageVector":{"VectorId":"Semi-StructuredDocuments.Financial.Receipt.FirstPage","DocumentCount":2,"TermsWithScores":[{"Score":1.68,"Term":"time","LastUpdated":"2020-12-21T11:08:54.3233755+02:00"},{"Score":1.64,"Term":"wen","LastUpdated":"2020-12-21T11:08:54.3233755+02:00"},{"Score":1.64,"Term":"jikun","LastUpdated":"2020-12-21T11:08:54.3233755+02:00"},{"Score":1.5,"Term":"dumplings","LastUpdated":"2020-12-21T11:08:54.3233755+02:00"},{"Score":1.48,"Term":"dough","LastUpdated":"2020-12-21T11:08:54.3233755+02:00"},{"Score":1.48,"Term":"zone","LastUpdated":"2020-12-21T11:08:54.3233755+02:00"},{"Score":1.46,"Term":"nw","LastUpdated":"2020-12-21T11:08:54.3233755+02:00"},{"Score":1.46,"Term":"gilman","LastUpdated":"2020-12-21T11:08:54.3233755+02:00"},{"Score":1.44,"Term":"blvd","LastUpdated":"2020-12-21T11:08:54.3233755+02:00"},{"Score":1.44,"Term":"suite","LastUpdated":"2020-12-21T11:08:54.3233755+02:00"},{"Score":1.42,"Term":"issaquah","LastUpdated":"2020-12-21T11:08:54.3233755+02:00"},{"Score":1.42,"Term":"wa","LastUpdated":"2020-12-21T11:08:54.3233755+02:00"},{"Score":1.4,"Term":"phone","LastUpdated":"2020-12-21T11:08:54.3233755+02:00"},{"Score":1.32,"Term":"server","LastUpdated":"2020-12-21T11:08:54.3233755+02:00"},{"Score":1.26,"Term":"table","LastUpdated":"2020-12-21T11:08:54.3233755+02:00"},{"Score":1.24,"Term":"green","LastUpdated":"2020-12-21T11:08:54.3233755+02:00"},{"Score":1.24,"Term":"onion","LastUpdated":"2020-12-21T11:08:54.3233755+02:00"},{"Score":1.22,"Term":"pancakes","LastUpdated":"2020-12-21T11:08:54.3233755+02:00"},{"Score":1.18,"Term":"pan","LastUpdated":"2020-12-21T11:08:54.3233755+02:00"},{"Score":1.18,"Term":"fried","LastUpdated":"2020-12-21T11:08:54.3233755+02:00"},{"Score":1.16,"Term":"leek","LastUpdated":"2020-12-21T11:08:54.3233755+02:00"},{"Score":1.12,"Term":"xiao","LastUpdated":"2020-12-21T11:08:54.3233755+02:00"},{"Score":1.12,"Term":"pork","LastUpdated":"2020-12-21T11:08:54.3233755+02:00"},{"Score":1.02,"Term":"potstickers","LastUpdated":"2020-12-21T11:08:54.3233755+02:00"},{"Score":1.02,"Term":"chicken","LastUpdated":"2020-12-21T11:08:54.3233755+02:00"},{"Score":0.94,"Term":"mushroom","LastUpdated":"2020-12-21T11:08:54.3233755+02:00"},{"Score":0.94,"Term":"tomato","LastUpdated":"2020-12-21T11:08:54.3233755+02:00"},{"Score":0.92,"Term":"steamed","LastUpdated":"2020-12-21T11:08:54.3233755+02:00"},{"Score":0.9,"Term":"dumpl","LastUpdated":"2020-12-21T11:08:54.3233755+02:00"},{"Score":0.86,"Term":"zucchini","LastUpdated":"2020-12-21T11:08:54.3233755+02:00"},{"Score":0.84,"Term":"shrimp","LastUpdated":"2020-12-21T11:08:54.3233755+02:00"},{"Score":0.78,"Term":"beef","LastUpdated":"2020-12-21T11:08:54.3233755+02:00"},{"Score":0.78,"Term":"stew","LastUpdated":"2020-12-21T11:08:54.3233755+02:00"},{"Score":0.76,"Term":"nodle","LastUpdated":"2020-12-21T11:08:54.3233755+02:00"},{"Score":0.76,"Term":"soup","LastUpdated":"2020-12-21T11:08:54.3233755+02:00"},{"Score":0.74,"Term":"spicy","LastUpdated":"2020-12-21T11:08:54.3233755+02:00"},{"Score":0.66,"Term":"noodle","LastUpdated":"2020-12-21T11:08:54.3233755+02:00"},{"Score":0.66,"Term":"dandan","LastUpdated":"2020-12-21T11:08:54.3233755+02:00"},{"Score":0.62,"Term":"tnai","LastUpdated":"2020-12-21T11:08:54.3233755+02:00"},{"Score":0.56,"Term":"banana","LastUpdated":"2020-12-21T11:08:54.3233755+02:00"},{"Score":0.56,"Term":"bread","LastUpdated":"2020-12-21T11:08:54.3233755+02:00"},{"Score":0.56,"Term":"naan","LastUpdated":"2020-12-21T11:08:54.3233755+02:00"},{"Score":0.46,"Term":"madle","LastUpdated":"2020-12-21T11:08:54.3233755+02:00"},{"Score":0.46,"Term":"plum","LastUpdated":"2020-12-21T11:08:54.3233755+02:00"},{"Score":0.46,"Term":"house","LastUpdated":"2020-12-21T11:08:54.3233755+02:00"},{"Score":0.44,"Term":"juice","LastUpdated":"2020-12-21T11:08:54.3233755+02:00"},{"Score":0.42,"Term":"iunut","LastUpdated":"2020-12-21T11:08:54.3233755+02:00"},{"Score":0.38,"Term":"subtotal","LastUpdated":"2020-12-21T11:08:54.3233755+02:00"},{"Score":0.32,"Term":"tax","LastUpdated":"2020-12-21T11:08:54.3233755+02:00"},{"Score":0.26,"Term":"ttotal","LastUpdated":"2020-12-21T11:08:54.3233755+02:00"},{"Score":0.24,"Term":"clpen","LastUpdated":"2020-12-21T11:08:54.3233755+02:00"},{"Score":0.2,"Term":"printed","LastUpdated":"2020-12-21T11:08:54.3233755+02:00"}]},"ParentVectorId":null,"VectorId":"Semi-StructuredDocuments.Financial.Receipt","DocumentCount":2,"TermsWithScores":[{"Score":1.68,"Term":"time","LastUpdated":"2020-12-21T11:08:54.3233755+02:00"},{"Score":1.64,"Term":"wen","LastUpdated":"2020-12-21T11:08:54.3233755+02:00"},{"Score":1.64,"Term":"jikun","LastUpdated":"2020-12-21T11:08:54.3233755+02:00"},{"Score":1.5,"Term":"dumplings","LastUpdated":"2020-12-21T11:08:54.3233755+02:00"},{"Score":1.48,"Term":"dough","LastUpdated":"2020-12-21T11:08:54.3233755+02:00"},{"Score":1.48,"Term":"zone","LastUpdated":"2020-12-21T11:08:54.3233755+02:00"},{"Score":1.46,"Term":"nw","LastUpdated":"2020-12-21T11:08:54.3233755+02:00"},{"Score":1.46,"Term":"gilman","LastUpdated":"2020-12-21T11:08:54.3233755+02:00"},{"Score":1.44,"Term":"blvd","LastUpdated":"2020-12-21T11:08:54.3233755+02:00"},{"Score":1.44,"Term":"suite","LastUpdated":"2020-12-21T11:08:54.3233755+02:00"},{"Score":1.42,"Term":"issaquah","LastUpdated":"2020-12-21T11:08:54.3233755+02:00"},{"Score":1.42,"Term":"wa","LastUpdated":"2020-12-21T11:08:54.3233755+02:00"},{"Score":1.4,"Term":"phone","LastUpdated":"2020-12-21T11:08:54.3233755+02:00"},{"Score":1.32,"Term":"server","LastUpdated":"2020-12-21T11:08:54.3233755+02:00"},{"Score":1.26,"Term":"table","LastUpdated":"2020-12-21T11:08:54.3233755+02:00"},{"Score":1.24,"Term":"green","LastUpdated":"2020-12-21T11:08:54.3233755+02:00"},{"Score":1.24,"Term":"onion","LastUpdated":"2020-12-21T11:08:54.3233755+02:00"},{"Score":1.22,"Term":"pancakes","LastUpdated":"2020-12-21T11:08:54.3233755+02:00"},{"Score":1.18,"Term":"pan","LastUpdated":"2020-12-21T11:08:54.3233755+02:00"},{"Score":1.18,"Term":"fried","LastUpdated":"2020-12-21T11:08:54.3233755+02:00"},{"Score":1.16,"Term":"leek","LastUpdated":"2020-12-21T11:08:54.3233755+02:00"},{"Score":1.12,"Term":"xiao","LastUpdated":"2020-12-21T11:08:54.3233755+02:00"},{"Score":1.12,"Term":"pork","LastUpdated":"2020-12-21T11:08:54.3233755+02:00"},{"Score":1.02,"Term":"potstickers","LastUpdated":"2020-12-21T11:08:54.3233755+02:00"},{"Score":1.02,"Term":"chicken","LastUpdated":"2020-12-21T11:08:54.3233755+02:00"},{"Score":0.94,"Term":"mushroom","LastUpdated":"2020-12-21T11:08:54.3233755+02:00"},{"Score":0.94,"Term":"tomato","LastUpdated":"2020-12-21T11:08:54.3233755+02:00"},{"Score":0.92,"Term":"steamed","LastUpdated":"2020-12-21T11:08:54.3233755+02:00"},{"Score":0.9,"Term":"dumpl","LastUpdated":"2020-12-21T11:08:54.3233755+02:00"},{"Score":0.86,"Term":"zucchini","LastUpdated":"2020-12-21T11:08:54.3233755+02:00"},{"Score":0.84,"Term":"shrimp","LastUpdated":"2020-12-21T11:08:54.3233755+02:00"},{"Score":0.78,"Term":"beef","LastUpdated":"2020-12-21T11:08:54.3233755+02:00"},{"Score":0.78,"Term":"stew","LastUpdated":"2020-12-21T11:08:54.3233755+02:00"},{"Score":0.76,"Term":"nodle","LastUpdated":"2020-12-21T11:08:54.3233755+02:00"},{"Score":0.76,"Term":"soup","LastUpdated":"2020-12-21T11:08:54.3233755+02:00"},{"Score":0.74,"Term":"spicy","LastUpdated":"2020-12-21T11:08:54.3233755+02:00"},{"Score":0.66,"Term":"noodle","LastUpdated":"2020-12-21T11:08:54.3233755+02:00"},{"Score":0.66,"Term":"dandan","LastUpdated":"2020-12-21T11:08:54.3233755+02:00"},{"Score":0.62,"Term":"tnai","LastUpdated":"2020-12-21T11:08:54.3233755+02:00"},{"Score":0.56,"Term":"banana","LastUpdated":"2020-12-21T11:08:54.3233755+02:00"},{"Score":0.56,"Term":"bread","LastUpdated":"2020-12-21T11:08:54.3233755+02:00"},{"Score":0.56,"Term":"naan","LastUpdated":"2020-12-21T11:08:54.3233755+02:00"},{"Score":0.46,"Term":"madle","LastUpdated":"2020-12-21T11:08:54.3233755+02:00"},{"Score":0.46,"Term":"plum","LastUpdated":"2020-12-21T11:08:54.3233755+02:00"},{"Score":0.46,"Term":"house","LastUpdated":"2020-12-21T11:08:54.3233755+02:00"},{"Score":0.44,"Term":"juice","LastUpdated":"2020-12-21T11:08:54.3233755+02:00"},{"Score":0.42,"Term":"iunut","LastUpdated":"2020-12-21T11:08:54.3233755+02:00"},{"Score":0.38,"Term":"subtotal","LastUpdated":"2020-12-21T11:08:54.3233755+02:00"},{"Score":0.32,"Term":"tax","LastUpdated":"2020-12-21T11:08:54.3233755+02:00"},{"Score":0.26,"Term":"ttotal","LastUpdated":"2020-12-21T11:08:54.3233755+02:00"},{"Score":0.24,"Term":"clpen","LastUpdated":"2020-12-21T11:08:54.3233755+02:00"},{"Score":0.2,"Term":"printed","LastUpdated":"2020-12-21T11:08:54.3233755+02:00"}]},{"DocumentKeywordVectors":[{"TotalDocumentLength":16902,"PageCount":1,"FirstPageVector":{"VectorId":"StructuredDocuments.LendingForms.W-9_1.FirstPage","DocumentCount":3,"TermsWithScores":[{"Score":3.0,"Term":"form","LastUpdated":"2020-12-21T12:56:41.4933426+02:00"},{"Score":2.91,"Term":"identification","LastUpdated":"2020-12-21T12:56:41.4923404+02:00"},{"Score":2.91,"Term":"instructions","LastUpdated":"2020-12-21T12:56:41.4933426+02:00"},{"Score":2.76,"Term":"taxpayer","LastUpdated":"2020-12-21T12:56:41.4933426+02:00"},{"Score":2.76,"Term":"tax","LastUpdated":"2020-12-21T12:56:41.4933426+02:00"},{"Score":2.61,"Term":"llc","LastUpdated":"2020-12-21T12:56:41.4933426+02:00"},{"Score":2.43,"Term":"check","LastUpdated":"2020-12-21T12:56:41.4933426+02:00"},{"Score":2.4,"Term":"certification","LastUpdated":"2020-12-21T12:56:41.4933426+02:00"},{"Score":2.37,"Term":"irs","LastUpdated":"2020-12-21T12:56:41.4933426+02:00"},{"Score":2.37,"Term":"owner","LastUpdated":"2020-12-21T12:56:41.4933426+02:00"},{"Score":2.25,"Term":"person","LastUpdated":"2020-12-21T12:56:41.4923404+02:00"},{"Score":2.25,"Term":"box","LastUpdated":"2020-12-21T12:56:41.4933426+02:00"},{"Score":2.25,"Term":"withholding","LastUpdated":"2020-12-21T12:56:41.4933426+02:00"},{"Score":2.25,"Term":"backup","LastUpdated":"2020-12-21T12:56:41.4933426+02:00"},{"Score":2.25,"Term":"classification","LastUpdated":"2020-12-21T12:56:41.4933426+02:00"},{"Score":2.19,"Term":"internal","LastUpdated":"2020-12-21T12:56:41.4923404+02:00"},{"Score":2.19,"Term":"requester","LastUpdated":"2020-12-21T12:56:41.4933426+02:00"},{"Score":2.19,"Term":"corporation","LastUpdated":"2020-12-21T12:56:41.4933426+02:00"},{"Score":2.19,"Term":"revenue","LastUpdated":"2020-12-21T12:56:41.4933426+02:00"},{"Score":2.13,"Term":"tin","LastUpdated":"2020-12-21T12:56:41.4933426+02:00"},{"Score":2.13,"Term":"required","LastUpdated":"2020-12-21T12:56:41.4933426+02:00"},{"Score":2.1,"Term":"entity","LastUpdated":"2020-12-21T12:56:41.4923404+02:00"},{"Score":2.07,"Term":"code","LastUpdated":"2020-12-21T12:56:41.4933426+02:00"},{"Score":2.04,"Term":"service","LastUpdated":"2020-12-21T12:56:41.4933426+02:00"},{"Score":2.04,"Term":"request","LastUpdated":"2020-12-21T12:56:41.4933426+02:00"},{"Score":2.01,"Term":"income","LastUpdated":"2020-12-21T12:56:41.4933426+02:00"},{"Score":2.01,"Term":"disregarded","LastUpdated":"2020-12-21T12:56:41.4933426+02:00"},{"Score":1.98,"Term":"treasury","LastUpdated":"2020-12-21T12:56:41.4933426+02:00"},{"Score":1.98,"Term":"enter","LastUpdated":"2020-12-21T12:56:41.4933426+02:00"},{"Score":1.98,"Term":"send","LastUpdated":"2020-12-21T12:56:41.4933426+02:00"},{"Score":1.98,"Term":"department","LastUpdated":"2020-12-21T12:56:41.4933426+02:00"},{"Score":1.95,"Term":"federal","LastUpdated":"2020-12-21T12:56:41.4933426+02:00"},{"Score":1.92,"Term":"exempt","LastUpdated":"2020-12-21T12:56:41.4933426+02:00"},{"Score":1.92,"Term":"entered","LastUpdated":"2020-12-21T12:56:41.4933426+02:00"},{"Score":1.92,"Term":"leave","LastUpdated":"2020-12-21T12:56:41.4933426+02:00"},{"Score":1.89,"Term":"proprietor","LastUpdated":"2020-12-21T12:56:41.4933426+02:00"},{"Score":1.89,"Term":"blank","LastUpdated":"2020-12-21T12:56:41.4933426+02:00"},{"Score":1.89,"Term":"business","LastUpdated":"2020-12-21T12:56:41.4933426+02:00"},{"Score":1.86,"Term":"limited","LastUpdated":"2020-12-21T12:56:41.4933426+02:00"},{"Score":1.86,"Term":"fatca","LastUpdated":"2020-12-21T12:56:41.4933426+02:00"},{"Score":1.83,"Term":"en","LastUpdated":"2020-12-21T12:56:41.4933426+02:00"},{"Score":1.83,"Term":"boxes","LastUpdated":"2020-12-21T12:56:41.4933426+02:00"},{"Score":1.8,"Term":"individuals","LastUpdated":"2020-12-21T12:56:41.4923404+02:00"},{"Score":1.8,"Term":"partnership","LastUpdated":"2020-12-21T12:56:41.4933426+02:00"},{"Score":1.8,"Term":"entities","LastUpdated":"2020-12-21T12:56:41.4933426+02:00"},{"Score":1.8,"Term":"apply","LastUpdated":"2020-12-21T12:56:41.4933426+02:00"},{"Score":1.77,"Term":"liability","LastUpdated":"2020-12-21T12:56:41.4933426+02:00"},{"Score":1.77,"Term":"note","LastUpdated":"2020-12-21T12:56:41.4933426+02:00"},{"Score":1.77,"Term":"company","LastUpdated":"2020-12-21T12:56:41.4933426+02:00"},{"Score":1.74,"Term":"exemptions","LastUpdated":"2020-12-21T12:56:41.4933426+02:00"},{"Score":1.71,"Term":"payee","LastUpdated":"2020-12-21T12:56:41.4933426+02:00"},{"Score":1.71,"Term":"reporting","LastUpdated":"2020-12-21T12:56:41.4933426+02:00"},{"Score":1.68,"Term":"correct","LastUpdated":"2020-12-21T12:56:41.4933426+02:00"},{"Score":1.65,"Term":"subject","LastUpdated":"2020-12-21T12:56:41.4933426+02:00"},{"Score":1.65,"Term":"exemption","LastUpdated":"2020-12-21T12:56:41.4933426+02:00"},{"Score":1.62,"Term":"classified","LastUpdated":"2020-12-21T12:56:41.4933426+02:00"},{"Score":1.59,"Term":"address","LastUpdated":"2020-12-21T12:56:41.4923404+02:00"},{"Score":1.56,"Term":"security","LastUpdated":"2020-12-21T12:56:41.4933426+02:00"},{"Score":1.56,"Term":"social","LastUpdated":"2020-12-21T12:56:41.4933426+02:00"},{"Score":1.56,"Term":"purposes","LastUpdated":"2020-12-21T12:56:41.4933426+02:00"},{"Score":1.53,"Term":"account","LastUpdated":"2020-12-21T12:56:41.4933426+02:00"},{"Score":1.5,"Term":"apt","LastUpdated":"2020-12-21T12:56:41.4923404+02:00"},{"Score":1.5,"Term":"street","LastUpdated":"2020-12-21T12:56:41.4933426+02:00"},{"Score":1.47,"Term":"city","LastUpdated":"2020-12-21T12:56:41.4923404+02:00"},{"Score":1.47,"Term":"sog","LastUpdated":"2020-12-21T12:56:41.4933426+02:00"},{"Score":1.47,"Term":"hy","LastUpdated":"2020-12-21T12:56:41.4933426+02:00"},{"Score":1.47,"Term":"employer","LastUpdated":"2020-12-21T12:56:41.4933426+02:00"},{"Score":1.47,"Term":"zip","LastUpdated":"2020-12-21T12:56:41.4933426+02:00"},{"Score":1.47,"Term":"suite","LastUpdated":"2020-12-21T12:56:41.4933426+02:00"},{"Score":1.44,"Term":"ldentification","LastUpdated":"2020-12-21T12:56:41.4923404+02:00"},{"Score":1.44,"Term":"list","LastUpdated":"2020-12-21T12:56:41.4933426+02:00"},{"Score":1.41,"Term":"maintained","LastUpdated":"2020-12-21T12:56:41.4933426+02:00"},{"Score":1.41,"Term":"accounts","LastUpdated":"2020-12-21T12:56:41.4933426+02:00"},{"Score":1.38,"Term":"return","LastUpdated":"2020-12-21T12:56:41.4933426+02:00"},{"Score":1.38,"Term":"resident","LastUpdated":"2020-12-21T12:56:41.4933426+02:00"},{"Score":1.38,"Term":"match","LastUpdated":"2020-12-21T12:56:41.4933426+02:00"},{"Score":1.35,"Term":"avoid","LastUpdated":"2020-12-21T12:56:41.4923404+02:00"},{"Score":1.32,"Term":"alien","LastUpdated":"2020-12-21T12:56:41.4933426+02:00"},{"Score":1.29,"Term":"sole","LastUpdated":"2020-12-21T12:56:41.4933426+02:00"},{"Score":1.23,"Term":"notified","LastUpdated":"2020-12-21T12:56:41.4933426+02:00"},{"Score":1.2,"Term":"dividends","LastUpdated":"2020-12-21T12:56:41.4933426+02:00"},{"Score":1.2,"Term":"report","LastUpdated":"2020-12-21T12:56:41.4933426+02:00"},{"Score":1.17,"Term":"guidelines","LastUpdated":"2020-12-21T12:56:41.4933426+02:00"},{"Score":1.14,"Term":"penalties","LastUpdated":"2020-12-21T12:56:41.4933426+02:00"},{"Score":1.14,"Term":"certify","LastUpdated":"2020-12-21T12:56:41.4933426+02:00"},{"Score":1.14,"Term":"perjury","LastUpdated":"2020-12-21T12:56:41.4933426+02:00"},{"Score":1.08,"Term":"waiting","LastUpdated":"2020-12-21T12:56:41.4933426+02:00"},{"Score":1.08,"Term":"issued","LastUpdated":"2020-12-21T12:56:41.4933426+02:00"},{"Score":0.99,"Term":"failure","LastUpdated":"2020-12-21T12:56:41.4923404+02:00"},{"Score":0.99,"Term":"result","LastUpdated":"2020-12-21T12:56:41.4933426+02:00"},{"Score":0.96,"Term":"citizen","LastUpdated":"2020-12-21T12:56:41.4933426+02:00"},{"Score":0.96,"Term":"individual","LastUpdated":"2020-12-21T12:56:41.4933426+02:00"},{"Score":0.96,"Term":"lama","LastUpdated":"2020-12-21T12:56:41.4933426+02:00"},{"Score":0.96,"Term":"item","LastUpdated":"2020-12-21T12:56:41.4933426+02:00"},{"Score":0.9,"Term":"indicating","LastUpdated":"2020-12-21T12:56:41.4933426+02:00"},{"Score":0.87,"Term":"cross","LastUpdated":"2020-12-21T12:56:41.4933426+02:00"},{"Score":0.87,"Term":"paid","LastUpdated":"2020-12-21T12:56:41.4933426+02:00"},{"Score":0.87,"Term":"transactions","LastUpdated":"2020-12-21T12:56:41.4933426+02:00"},{"Score":0.87,"Term":"estate","LastUpdated":"2020-12-21T12:56:41.4933426+02:00"},{"Score":0.87,"Term":"mortgage","LastUpdated":"2020-12-21T12:56:41.4933426+02:00"},{"Score":0.87,"Term":"real","LastUpdated":"2020-12-21T12:56:41.4933426+02:00"},{"Score":0.84,"Term":"abandonment","LastUpdated":"2020-12-21T12:56:41.4933426+02:00"},{"Score":0.84,"Term":"failed","LastUpdated":"2020-12-21T12:56:41.4933426+02:00"},{"Score":0.84,"Term":"secured","LastUpdated":"2020-12-21T12:56:41.4933426+02:00"},{"Score":0.78,"Term":"provide","LastUpdated":"2020-12-21T12:56:41.4933426+02:00"},{"Score":0.78,"Term":"acquisition","LastUpdated":"2020-12-21T12:56:41.4933426+02:00"},{"Score":0.78,"Term":"sign","LastUpdated":"2020-12-21T12:56:41.4933426+02:00"},{"Score":0.75,"Term":"contributions","LastUpdated":"2020-12-21T12:56:41.4923404+02:00"},{"Score":0.75,"Term":"arrangement","LastUpdated":"2020-12-21T12:56:41.4933426+02:00"},{"Score":0.75,"Term":"property","LastUpdated":"2020-12-21T12:56:41.4933426+02:00"},{"Score":0.75,"Term":"retirement","LastUpdated":"2020-12-21T12:56:41.4933426+02:00"},{"Score":0.75,"Term":"cancellation","LastUpdated":"2020-12-21T12:56:41.4933426+02:00"},{"Score":0.75,"Term":"debt","LastUpdated":"2020-12-21T12:56:41.4933426+02:00"},{"Score":0.72,"Term":"payments","LastUpdated":"2020-12-21T12:56:41.4933426+02:00"},{"Score":0.69,"Term":"developments","LastUpdated":"2020-12-21T12:56:41.4933426+02:00"},{"Score":0.66,"Term":"signature","LastUpdated":"2020-12-21T12:56:41.4933426+02:00"},{"Score":0.63,"Term":"future","LastUpdated":"2020-12-21T12:56:41.4933426+02:00"},{"Score":0.63,"Term":"references","LastUpdated":"2020-12-21T12:56:41.4933426+02:00"},{"Score":0.57,"Term":"published","LastUpdated":"2020-12-21T12:56:41.4933426+02:00"},{"Score":0.57,"Term":"enacted","LastUpdated":"2020-12-21T12:56:41.4933426+02:00"},{"Score":0.57,"Term":"legislation","LastUpdated":"2020-12-21T12:56:41.4933426+02:00"},{"Score":0.54,"Term":"purpose","LastUpdated":"2020-12-21T12:56:41.4933426+02:00"},{"Score":0.51,"Term":"file","LastUpdated":"2020-12-21T12:56:41.4933426+02:00"},{"Score":0.45,"Term":"adoption","LastUpdated":"2020-12-21T12:56:41.4933426+02:00"},{"Score":0.39,"Term":"reportable","LastUpdated":"2020-12-21T12:56:41.4933426+02:00"},{"Score":0.39,"Term":"mutual","LastUpdated":"2020-12-21T12:56:41.4933426+02:00"},{"Score":0.36,"Term":"include","LastUpdated":"2020-12-21T12:56:41.4933426+02:00"},{"Score":0.36,"Term":"examples","LastUpdated":"2020-12-21T12:56:41.4933426+02:00"},{"Score":0.36,"Term":"returns","LastUpdated":"2020-12-21T12:56:41.4933426+02:00"},{"Score":0.33,"Term":"earned","LastUpdated":"2020-12-21T12:56:41.4923404+02:00"},{"Score":0.33,"Term":"cat","LastUpdated":"2020-12-21T12:56:41.4923404+02:00"},{"Score":0.3,"Term":"stocks","LastUpdated":"2020-12-21T12:56:41.4933426+02:00"},{"Score":0.3,"Term":"including","LastUpdated":"2020-12-21T12:56:41.4933426+02:00"},{"Score":0.27,"Term":"awards","LastUpdated":"2020-12-21T12:56:41.4923404+02:00"},{"Score":0.27,"Term":"gross","LastUpdated":"2020-12-21T12:56:41.4933426+02:00"},{"Score":0.27,"Term":"prizes","LastUpdated":"2020-12-21T12:56:41.4933426+02:00"},{"Score":0.27,"Term":"types","LastUpdated":"2020-12-21T12:56:41.4933426+02:00"},{"Score":0.24,"Term":"sales","LastUpdated":"2020-12-21T12:56:41.4933426+02:00"},{"Score":0.24,"Term":"fund","LastUpdated":"2020-12-21T12:56:41.4933426+02:00"},{"Score":0.21,"Term":"card","LastUpdated":"2020-12-21T12:56:41.4923404+02:00"},{"Score":0.21,"Term":"network","LastUpdated":"2020-12-21T12:56:41.4933426+02:00"},{"Score":0.21,"Term":"party","LastUpdated":"2020-12-21T12:56:41.4933426+02:00"},{"Score":0.15,"Term":"loan","LastUpdated":"2020-12-21T12:56:41.4933426+02:00"}]},"ParentVectorId":"StructuredDocuments.LendingForms.W-9","VectorId":"StructuredDocuments.LendingForms.W-9_1","DocumentCount":3,"TermsWithScores":[{"Score":3.0,"Term":"form","LastUpdated":"2020-12-21T12:56:41.4933426+02:00"},{"Score":2.91,"Term":"identification","LastUpdated":"2020-12-21T12:56:41.4933426+02:00"},{"Score":2.91,"Term":"instructions","LastUpdated":"2020-12-21T12:56:41.4933426+02:00"},{"Score":2.76,"Term":"taxpayer","LastUpdated":"2020-12-21T12:56:41.4933426+02:00"},{"Score":2.76,"Term":"tax","LastUpdated":"2020-12-21T12:56:41.4933426+02:00"},{"Score":2.61,"Term":"llc","LastUpdated":"2020-12-21T12:56:41.4933426+02:00"},{"Score":2.43,"Term":"check","LastUpdated":"2020-12-21T12:56:41.4933426+02:00"},{"Score":2.4,"Term":"certification","LastUpdated":"2020-12-21T12:56:41.4933426+02:00"},{"Score":2.37,"Term":"irs","LastUpdated":"2020-12-21T12:56:41.4933426+02:00"},{"Score":2.37,"Term":"owner","LastUpdated":"2020-12-21T12:56:41.4933426+02:00"},{"Score":2.25,"Term":"person","LastUpdated":"2020-12-21T12:56:41.4933426+02:00"},{"Score":2.25,"Term":"box","LastUpdated":"2020-12-21T12:56:41.4933426+02:00"},{"Score":2.25,"Term":"withholding","LastUpdated":"2020-12-21T12:56:41.4933426+02:00"},{"Score":2.25,"Term":"backup","LastUpdated":"2020-12-21T12:56:41.4933426+02:00"},{"Score":2.25,"Term":"classification","LastUpdated":"2020-12-21T12:56:41.4933426+02:00"},{"Score":2.19,"Term":"internal","LastUpdated":"2020-12-21T12:56:41.4933426+02:00"},{"Score":2.19,"Term":"requester","LastUpdated":"2020-12-21T12:56:41.4933426+02:00"},{"Score":2.19,"Term":"corporation","LastUpdated":"2020-12-21T12:56:41.4933426+02:00"},{"Score":2.19,"Term":"revenue","LastUpdated":"2020-12-21T12:56:41.4933426+02:00"},{"Score":2.13,"Term":"tin","LastUpdated":"2020-12-21T12:56:41.4933426+02:00"},{"Score":2.13,"Term":"required","LastUpdated":"2020-12-21T12:56:41.4933426+02:00"},{"Score":2.1,"Term":"entity","LastUpdated":"2020-12-21T12:56:41.4933426+02:00"},{"Score":2.07,"Term":"code","LastUpdated":"2020-12-21T12:56:41.4933426+02:00"},{"Score":2.04,"Term":"service","LastUpdated":"2020-12-21T12:56:41.4933426+02:00"},{"Score":2.04,"Term":"request","LastUpdated":"2020-12-21T12:56:41.4933426+02:00"},{"Score":2.01,"Term":"income","LastUpdated":"2020-12-21T12:56:41.4933426+02:00"},{"Score":2.01,"Term":"disregarded","LastUpdated":"2020-12-21T12:56:41.4933426+02:00"},{"Score":1.98,"Term":"treasury","LastUpdated":"2020-12-21T12:56:41.4933426+02:00"},{"Score":1.98,"Term":"enter","LastUpdated":"2020-12-21T12:56:41.4933426+02:00"},{"Score":1.98,"Term":"send","LastUpdated":"2020-12-21T12:56:41.4933426+02:00"},{"Score":1.98,"Term":"department","LastUpdated":"2020-12-21T12:56:41.4933426+02:00"},{"Score":1.95,"Term":"federal","LastUpdated":"2020-12-21T12:56:41.4933426+02:00"},{"Score":1.92,"Term":"exempt","LastUpdated":"2020-12-21T12:56:41.4933426+02:00"},{"Score":1.92,"Term":"entered","LastUpdated":"2020-12-21T12:56:41.4933426+02:00"},{"Score":1.92,"Term":"leave","LastUpdated":"2020-12-21T12:56:41.4933426+02:00"},{"Score":1.89,"Term":"proprietor","LastUpdated":"2020-12-21T12:56:41.4933426+02:00"},{"Score":1.89,"Term":"blank","LastUpdated":"2020-12-21T12:56:41.4933426+02:00"},{"Score":1.89,"Term":"business","LastUpdated":"2020-12-21T12:56:41.4933426+02:00"},{"Score":1.86,"Term":"limited","LastUpdated":"2020-12-21T12:56:41.4933426+02:00"},{"Score":1.86,"Term":"fatca","LastUpdated":"2020-12-21T12:56:41.4933426+02:00"},{"Score":1.83,"Term":"en","LastUpdated":"2020-12-21T12:56:41.4933426+02:00"},{"Score":1.83,"Term":"boxes","LastUpdated":"2020-12-21T12:56:41.4933426+02:00"},{"Score":1.8,"Term":"individuals","LastUpdated":"2020-12-21T12:56:41.4933426+02:00"},{"Score":1.8,"Term":"partnership","LastUpdated":"2020-12-21T12:56:41.4933426+02:00"},{"Score":1.8,"Term":"entities","LastUpdated":"2020-12-21T12:56:41.4933426+02:00"},{"Score":1.8,"Term":"apply","LastUpdated":"2020-12-21T12:56:41.4933426+02:00"},{"Score":1.77,"Term":"liability","LastUpdated":"2020-12-21T12:56:41.4933426+02:00"},{"Score":1.77,"Term":"note","LastUpdated":"2020-12-21T12:56:41.4933426+02:00"},{"Score":1.77,"Term":"company","LastUpdated":"2020-12-21T12:56:41.4933426+02:00"},{"Score":1.74,"Term":"exemptions","LastUpdated":"2020-12-21T12:56:41.4933426+02:00"},{"Score":1.71,"Term":"payee","LastUpdated":"2020-12-21T12:56:41.4933426+02:00"},{"Score":1.71,"Term":"reporting","LastUpdated":"2020-12-21T12:56:41.4933426+02:00"},{"Score":1.68,"Term":"correct","LastUpdated":"2020-12-21T12:56:41.4933426+02:00"},{"Score":1.65,"Term":"subject","LastUpdated":"2020-12-21T12:56:41.4933426+02:00"},{"Score":1.65,"Term":"exemption","LastUpdated":"2020-12-21T12:56:41.4933426+02:00"},{"Score":1.62,"Term":"classified","LastUpdated":"2020-12-21T12:56:41.4933426+02:00"},{"Score":1.59,"Term":"address","LastUpdated":"2020-12-21T12:56:41.4933426+02:00"},{"Score":1.56,"Term":"security","LastUpdated":"2020-12-21T12:56:41.4933426+02:00"},{"Score":1.56,"Term":"social","LastUpdated":"2020-12-21T12:56:41.4933426+02:00"},{"Score":1.56,"Term":"purposes","LastUpdated":"2020-12-21T12:56:41.4933426+02:00"},{"Score":1.53,"Term":"account","LastUpdated":"2020-12-21T12:56:41.4933426+02:00"},{"Score":1.5,"Term":"apt","LastUpdated":"2020-12-21T12:56:41.4933426+02:00"},{"Score":1.5,"Term":"street","LastUpdated":"2020-12-21T12:56:41.4933426+02:00"},{"Score":1.47,"Term":"city","LastUpdated":"2020-12-21T12:56:41.4933426+02:00"},{"Score":1.47,"Term":"sog","LastUpdated":"2020-12-21T12:56:41.4933426+02:00"},{"Score":1.47,"Term":"hy","LastUpdated":"2020-12-21T12:56:41.4933426+02:00"},{"Score":1.47,"Term":"employer","LastUpdated":"2020-12-21T12:56:41.4933426+02:00"},{"Score":1.47,"Term":"zip","LastUpdated":"2020-12-21T12:56:41.4933426+02:00"},{"Score":1.47,"Term":"suite","LastUpdated":"2020-12-21T12:56:41.4933426+02:00"},{"Score":1.44,"Term":"ldentification","LastUpdated":"2020-12-21T12:56:41.4933426+02:00"},{"Score":1.44,"Term":"list","LastUpdated":"2020-12-21T12:56:41.4933426+02:00"},{"Score":1.41,"Term":"maintained","LastUpdated":"2020-12-21T12:56:41.4933426+02:00"},{"Score":1.41,"Term":"accounts","LastUpdated":"2020-12-21T12:56:41.4933426+02:00"},{"Score":1.38,"Term":"return","LastUpdated":"2020-12-21T12:56:41.4933426+02:00"},{"Score":1.38,"Term":"resident","LastUpdated":"2020-12-21T12:56:41.4933426+02:00"},{"Score":1.38,"Term":"match","LastUpdated":"2020-12-21T12:56:41.4933426+02:00"},{"Score":1.35,"Term":"avoid","LastUpdated":"2020-12-21T12:56:41.4933426+02:00"},{"Score":1.32,"Term":"alien","LastUpdated":"2020-12-21T12:56:41.4933426+02:00"},{"Score":1.29,"Term":"sole","LastUpdated":"2020-12-21T12:56:41.4933426+02:00"},{"Score":1.23,"Term":"notified","LastUpdated":"2020-12-21T12:56:41.4933426+02:00"},{"Score":1.2,"Term":"dividends","LastUpdated":"2020-12-21T12:56:41.4933426+02:00"},{"Score":1.2,"Term":"report","LastUpdated":"2020-12-21T12:56:41.4933426+02:00"},{"Score":1.17,"Term":"guidelines","LastUpdated":"2020-12-21T12:56:41.4933426+02:00"},{"Score":1.14,"Term":"penalties","LastUpdated":"2020-12-21T12:56:41.4933426+02:00"},{"Score":1.14,"Term":"certify","LastUpdated":"2020-12-21T12:56:41.4933426+02:00"},{"Score":1.14,"Term":"perjury","LastUpdated":"2020-12-21T12:56:41.4933426+02:00"},{"Score":1.08,"Term":"waiting","LastUpdated":"2020-12-21T12:56:41.4933426+02:00"},{"Score":1.08,"Term":"issued","LastUpdated":"2020-12-21T12:56:41.4933426+02:00"},{"Score":0.99,"Term":"failure","LastUpdated":"2020-12-21T12:56:41.4933426+02:00"},{"Score":0.99,"Term":"result","LastUpdated":"2020-12-21T12:56:41.4933426+02:00"},{"Score":0.96,"Term":"citizen","LastUpdated":"2020-12-21T12:56:41.4933426+02:00"},{"Score":0.96,"Term":"individual","LastUpdated":"2020-12-21T12:56:41.4933426+02:00"},{"Score":0.96,"Term":"lama","LastUpdated":"2020-12-21T12:56:41.4933426+02:00"},{"Score":0.96,"Term":"item","LastUpdated":"2020-12-21T12:56:41.4933426+02:00"},{"Score":0.9,"Term":"indicating","LastUpdated":"2020-12-21T12:56:41.4933426+02:00"},{"Score":0.87,"Term":"cross","LastUpdated":"2020-12-21T12:56:41.4933426+02:00"},{"Score":0.87,"Term":"paid","LastUpdated":"2020-12-21T12:56:41.4933426+02:00"},{"Score":0.87,"Term":"transactions","LastUpdated":"2020-12-21T12:56:41.4933426+02:00"},{"Score":0.87,"Term":"estate","LastUpdated":"2020-12-21T12:56:41.4933426+02:00"},{"Score":0.87,"Term":"mortgage","LastUpdated":"2020-12-21T12:56:41.4933426+02:00"},{"Score":0.87,"Term":"real","LastUpdated":"2020-12-21T12:56:41.4933426+02:00"},{"Score":0.84,"Term":"abandonment","LastUpdated":"2020-12-21T12:56:41.4933426+02:00"},{"Score":0.84,"Term":"failed","LastUpdated":"2020-12-21T12:56:41.4933426+02:00"},{"Score":0.84,"Term":"secured","LastUpdated":"2020-12-21T12:56:41.4933426+02:00"},{"Score":0.78,"Term":"provide","LastUpdated":"2020-12-21T12:56:41.4933426+02:00"},{"Score":0.78,"Term":"acquisition","LastUpdated":"2020-12-21T12:56:41.4933426+02:00"},{"Score":0.78,"Term":"sign","LastUpdated":"2020-12-21T12:56:41.4933426+02:00"},{"Score":0.75,"Term":"contributions","LastUpdated":"2020-12-21T12:56:41.4933426+02:00"},{"Score":0.75,"Term":"arrangement","LastUpdated":"2020-12-21T12:56:41.4933426+02:00"},{"Score":0.75,"Term":"property","LastUpdated":"2020-12-21T12:56:41.4933426+02:00"},{"Score":0.75,"Term":"retirement","LastUpdated":"2020-12-21T12:56:41.4933426+02:00"},{"Score":0.75,"Term":"cancellation","LastUpdated":"2020-12-21T12:56:41.4933426+02:00"},{"Score":0.75,"Term":"debt","LastUpdated":"2020-12-21T12:56:41.4933426+02:00"},{"Score":0.72,"Term":"payments","LastUpdated":"2020-12-21T12:56:41.4933426+02:00"},{"Score":0.69,"Term":"developments","LastUpdated":"2020-12-21T12:56:41.4933426+02:00"},{"Score":0.66,"Term":"signature","LastUpdated":"2020-12-21T12:56:41.4933426+02:00"},{"Score":0.63,"Term":"future","LastUpdated":"2020-12-21T12:56:41.4933426+02:00"},{"Score":0.63,"Term":"references","LastUpdated":"2020-12-21T12:56:41.4933426+02:00"},{"Score":0.57,"Term":"published","LastUpdated":"2020-12-21T12:56:41.4933426+02:00"},{"Score":0.57,"Term":"enacted","LastUpdated":"2020-12-21T12:56:41.4933426+02:00"},{"Score":0.57,"Term":"legislation","LastUpdated":"2020-12-21T12:56:41.4933426+02:00"},{"Score":0.54,"Term":"purpose","LastUpdated":"2020-12-21T12:56:41.4933426+02:00"},{"Score":0.51,"Term":"file","LastUpdated":"2020-12-21T12:56:41.4933426+02:00"},{"Score":0.45,"Term":"adoption","LastUpdated":"2020-12-21T12:56:41.4933426+02:00"},{"Score":0.39,"Term":"reportable","LastUpdated":"2020-12-21T12:56:41.4933426+02:00"},{"Score":0.39,"Term":"mutual","LastUpdated":"2020-12-21T12:56:41.4933426+02:00"},{"Score":0.36,"Term":"include","LastUpdated":"2020-12-21T12:56:41.4933426+02:00"},{"Score":0.36,"Term":"examples","LastUpdated":"2020-12-21T12:56:41.4933426+02:00"},{"Score":0.36,"Term":"returns","LastUpdated":"2020-12-21T12:56:41.4933426+02:00"},{"Score":0.33,"Term":"earned","LastUpdated":"2020-12-21T12:56:41.4933426+02:00"},{"Score":0.33,"Term":"cat","LastUpdated":"2020-12-21T12:56:41.4933426+02:00"},{"Score":0.3,"Term":"stocks","LastUpdated":"2020-12-21T12:56:41.4933426+02:00"},{"Score":0.3,"Term":"including","LastUpdated":"2020-12-21T12:56:41.4933426+02:00"},{"Score":0.27,"Term":"awards","LastUpdated":"2020-12-21T12:56:41.4933426+02:00"},{"Score":0.27,"Term":"gross","LastUpdated":"2020-12-21T12:56:41.4933426+02:00"},{"Score":0.27,"Term":"prizes","LastUpdated":"2020-12-21T12:56:41.4933426+02:00"},{"Score":0.27,"Term":"types","LastUpdated":"2020-12-21T12:56:41.4933426+02:00"},{"Score":0.24,"Term":"sales","LastUpdated":"2020-12-21T12:56:41.4933426+02:00"},{"Score":0.24,"Term":"fund","LastUpdated":"2020-12-21T12:56:41.4933426+02:00"},{"Score":0.21,"Term":"card","LastUpdated":"2020-12-21T12:56:41.4933426+02:00"},{"Score":0.21,"Term":"network","LastUpdated":"2020-12-21T12:56:41.4933426+02:00"},{"Score":0.21,"Term":"party","LastUpdated":"2020-12-21T12:56:41.4933426+02:00"},{"Score":0.15,"Term":"loan","LastUpdated":"2020-12-21T12:56:41.4933426+02:00"}]}],"TotalDocumentLength":16902,"PageCount":1,"FirstPageVector":{"VectorId":"StructuredDocuments.LendingForms.W-9.FirstPage","DocumentCount":3,"TermsWithScores":[{"Score":3.0,"Term":"form","LastUpdated":"2020-12-21T12:56:41.4813422+02:00"},{"Score":2.91,"Term":"identification","LastUpdated":"2020-12-21T12:56:41.4813422+02:00"},{"Score":2.91,"Term":"instructions","LastUpdated":"2020-12-21T12:56:41.4813422+02:00"},{"Score":2.76,"Term":"taxpayer","LastUpdated":"2020-12-21T12:56:41.4813422+02:00"},{"Score":2.76,"Term":"tax","LastUpdated":"2020-12-21T12:56:41.4813422+02:00"},{"Score":2.61,"Term":"llc","LastUpdated":"2020-12-21T12:56:41.4813422+02:00"},{"Score":2.43,"Term":"check","LastUpdated":"2020-12-21T12:56:41.4813422+02:00"},{"Score":2.4,"Term":"certification","LastUpdated":"2020-12-21T12:56:41.4813422+02:00"},{"Score":2.37,"Term":"irs","LastUpdated":"2020-12-21T12:56:41.4813422+02:00"},{"Score":2.37,"Term":"owner","LastUpdated":"2020-12-21T12:56:41.4813422+02:00"},{"Score":2.25,"Term":"person","LastUpdated":"2020-12-21T12:56:41.4813422+02:00"},{"Score":2.25,"Term":"box","LastUpdated":"2020-12-21T12:56:41.4813422+02:00"},{"Score":2.25,"Term":"withholding","LastUpdated":"2020-12-21T12:56:41.4813422+02:00"},{"Score":2.25,"Term":"backup","LastUpdated":"2020-12-21T12:56:41.4813422+02:00"},{"Score":2.25,"Term":"classification","LastUpdated":"2020-12-21T12:56:41.4813422+02:00"},{"Score":2.19,"Term":"internal","LastUpdated":"2020-12-21T12:56:41.4813422+02:00"},{"Score":2.19,"Term":"requester","LastUpdated":"2020-12-21T12:56:41.4813422+02:00"},{"Score":2.19,"Term":"corporation","LastUpdated":"2020-12-21T12:56:41.4813422+02:00"},{"Score":2.19,"Term":"revenue","LastUpdated":"2020-12-21T12:56:41.4813422+02:00"},{"Score":2.13,"Term":"tin","LastUpdated":"2020-12-21T12:56:41.4813422+02:00"},{"Score":2.13,"Term":"required","LastUpdated":"2020-12-21T12:56:41.4813422+02:00"},{"Score":2.1,"Term":"entity","LastUpdated":"2020-12-21T12:56:41.4813422+02:00"},{"Score":2.07,"Term":"code","LastUpdated":"2020-12-21T12:56:41.4813422+02:00"},{"Score":2.04,"Term":"service","LastUpdated":"2020-12-21T12:56:41.4813422+02:00"},{"Score":2.04,"Term":"request","LastUpdated":"2020-12-21T12:56:41.4813422+02:00"},{"Score":2.01,"Term":"income","LastUpdated":"2020-12-21T12:56:41.4813422+02:00"},{"Score":2.01,"Term":"disregarded","LastUpdated":"2020-12-21T12:56:41.4813422+02:00"},{"Score":1.98,"Term":"treasury","LastUpdated":"2020-12-21T12:56:41.4813422+02:00"},{"Score":1.98,"Term":"enter","LastUpdated":"2020-12-21T12:56:41.4813422+02:00"},{"Score":1.98,"Term":"send","LastUpdated":"2020-12-21T12:56:41.4813422+02:00"},{"Score":1.98,"Term":"department","LastUpdated":"2020-12-21T12:56:41.4813422+02:00"},{"Score":1.95,"Term":"federal","LastUpdated":"2020-12-21T12:56:41.4813422+02:00"},{"Score":1.92,"Term":"exempt","LastUpdated":"2020-12-21T12:56:41.4813422+02:00"},{"Score":1.92,"Term":"entered","LastUpdated":"2020-12-21T12:56:41.4813422+02:00"},{"Score":1.92,"Term":"leave","LastUpdated":"2020-12-21T12:56:41.4813422+02:00"},{"Score":1.89,"Term":"proprietor","LastUpdated":"2020-12-21T12:56:41.4813422+02:00"},{"Score":1.89,"Term":"blank","LastUpdated":"2020-12-21T12:56:41.4813422+02:00"},{"Score":1.89,"Term":"business","LastUpdated":"2020-12-21T12:56:41.4813422+02:00"},{"Score":1.86,"Term":"limited","LastUpdated":"2020-12-21T12:56:41.4813422+02:00"},{"Score":1.86,"Term":"fatca","LastUpdated":"2020-12-21T12:56:41.4813422+02:00"},{"Score":1.83,"Term":"en","LastUpdated":"2020-12-21T12:56:41.4813422+02:00"},{"Score":1.83,"Term":"boxes","LastUpdated":"2020-12-21T12:56:41.4813422+02:00"},{"Score":1.8,"Term":"individuals","LastUpdated":"2020-12-21T12:56:41.4813422+02:00"},{"Score":1.8,"Term":"partnership","LastUpdated":"2020-12-21T12:56:41.4813422+02:00"},{"Score":1.8,"Term":"entities","LastUpdated":"2020-12-21T12:56:41.4813422+02:00"},{"Score":1.8,"Term":"apply","LastUpdated":"2020-12-21T12:56:41.4813422+02:00"},{"Score":1.77,"Term":"liability","LastUpdated":"2020-12-21T12:56:41.4813422+02:00"},{"Score":1.77,"Term":"note","LastUpdated":"2020-12-21T12:56:41.4813422+02:00"},{"Score":1.77,"Term":"company","LastUpdated":"2020-12-21T12:56:41.4813422+02:00"},{"Score":1.74,"Term":"exemptions","LastUpdated":"2020-12-21T12:56:41.4813422+02:00"},{"Score":1.71,"Term":"payee","LastUpdated":"2020-12-21T12:56:41.4813422+02:00"},{"Score":1.71,"Term":"reporting","LastUpdated":"2020-12-21T12:56:41.4813422+02:00"},{"Score":1.68,"Term":"correct","LastUpdated":"2020-12-21T12:56:41.4813422+02:00"},{"Score":1.65,"Term":"subject","LastUpdated":"2020-12-21T12:56:41.4813422+02:00"},{"Score":1.65,"Term":"exemption","LastUpdated":"2020-12-21T12:56:41.4813422+02:00"},{"Score":1.62,"Term":"classified","LastUpdated":"2020-12-21T12:56:41.4813422+02:00"},{"Score":1.59,"Term":"address","LastUpdated":"2020-12-21T12:56:41.4813422+02:00"},{"Score":1.56,"Term":"security","LastUpdated":"2020-12-21T12:56:41.4813422+02:00"},{"Score":1.56,"Term":"social","LastUpdated":"2020-12-21T12:56:41.4813422+02:00"},{"Score":1.56,"Term":"purposes","LastUpdated":"2020-12-21T12:56:41.4813422+02:00"},{"Score":1.53,"Term":"account","LastUpdated":"2020-12-21T12:56:41.4813422+02:00"},{"Score":1.5,"Term":"apt","LastUpdated":"2020-12-21T12:56:41.4813422+02:00"},{"Score":1.5,"Term":"street","LastUpdated":"2020-12-21T12:56:41.4813422+02:00"},{"Score":1.47,"Term":"city","LastUpdated":"2020-12-21T12:56:41.4813422+02:00"},{"Score":1.47,"Term":"sog","LastUpdated":"2020-12-21T12:56:41.4813422+02:00"},{"Score":1.47,"Term":"hy","LastUpdated":"2020-12-21T12:56:41.4813422+02:00"},{"Score":1.47,"Term":"employer","LastUpdated":"2020-12-21T12:56:41.4813422+02:00"},{"Score":1.47,"Term":"zip","LastUpdated":"2020-12-21T12:56:41.4813422+02:00"},{"Score":1.47,"Term":"suite","LastUpdated":"2020-12-21T12:56:41.4813422+02:00"},{"Score":1.44,"Term":"ldentification","LastUpdated":"2020-12-21T12:56:41.4813422+02:00"},{"Score":1.44,"Term":"list","LastUpdated":"2020-12-21T12:56:41.4813422+02:00"},{"Score":1.41,"Term":"maintained","LastUpdated":"2020-12-21T12:56:41.4813422+02:00"},{"Score":1.41,"Term":"accounts","LastUpdated":"2020-12-21T12:56:41.4813422+02:00"},{"Score":1.38,"Term":"return","LastUpdated":"2020-12-21T12:56:41.4813422+02:00"},{"Score":1.38,"Term":"resident","LastUpdated":"2020-12-21T12:56:41.4813422+02:00"},{"Score":1.38,"Term":"match","LastUpdated":"2020-12-21T12:56:41.4813422+02:00"},{"Score":1.35,"Term":"avoid","LastUpdated":"2020-12-21T12:56:41.4813422+02:00"},{"Score":1.32,"Term":"alien","LastUpdated":"2020-12-21T12:56:41.4813422+02:00"},{"Score":1.29,"Term":"sole","LastUpdated":"2020-12-21T12:56:41.4813422+02:00"},{"Score":1.23,"Term":"notified","LastUpdated":"2020-12-21T12:56:41.4813422+02:00"},{"Score":1.2,"Term":"dividends","LastUpdated":"2020-12-21T12:56:41.4813422+02:00"},{"Score":1.2,"Term":"report","LastUpdated":"2020-12-21T12:56:41.4813422+02:00"},{"Score":1.17,"Term":"guidelines","LastUpdated":"2020-12-21T12:56:41.4813422+02:00"},{"Score":1.14,"Term":"penalties","LastUpdated":"2020-12-21T12:56:41.4813422+02:00"},{"Score":1.14,"Term":"certify","LastUpdated":"2020-12-21T12:56:41.4813422+02:00"},{"Score":1.14,"Term":"perjury","LastUpdated":"2020-12-21T12:56:41.4813422+02:00"},{"Score":1.08,"Term":"waiting","LastUpdated":"2020-12-21T12:56:41.4813422+02:00"},{"Score":1.08,"Term":"issued","LastUpdated":"2020-12-21T12:56:41.4813422+02:00"},{"Score":0.99,"Term":"failure","LastUpdated":"2020-12-21T12:56:41.4813422+02:00"},{"Score":0.99,"Term":"result","LastUpdated":"2020-12-21T12:56:41.4813422+02:00"},{"Score":0.96,"Term":"citizen","LastUpdated":"2020-12-21T12:56:41.4813422+02:00"},{"Score":0.96,"Term":"individual","LastUpdated":"2020-12-21T12:56:41.4813422+02:00"},{"Score":0.96,"Term":"lama","LastUpdated":"2020-12-21T12:56:41.4813422+02:00"},{"Score":0.96,"Term":"item","LastUpdated":"2020-12-21T12:56:41.4813422+02:00"},{"Score":0.9,"Term":"indicating","LastUpdated":"2020-12-21T12:56:41.4813422+02:00"},{"Score":0.87,"Term":"cross","LastUpdated":"2020-12-21T12:56:41.4813422+02:00"},{"Score":0.87,"Term":"paid","LastUpdated":"2020-12-21T12:56:41.4813422+02:00"},{"Score":0.87,"Term":"transactions","LastUpdated":"2020-12-21T12:56:41.4813422+02:00"},{"Score":0.87,"Term":"estate","LastUpdated":"2020-12-21T12:56:41.4813422+02:00"},{"Score":0.87,"Term":"mortgage","LastUpdated":"2020-12-21T12:56:41.4813422+02:00"},{"Score":0.87,"Term":"real","LastUpdated":"2020-12-21T12:56:41.4813422+02:00"},{"Score":0.84,"Term":"abandonment","LastUpdated":"2020-12-21T12:56:41.4813422+02:00"},{"Score":0.84,"Term":"failed","LastUpdated":"2020-12-21T12:56:41.4813422+02:00"},{"Score":0.84,"Term":"secured","LastUpdated":"2020-12-21T12:56:41.4813422+02:00"},{"Score":0.78,"Term":"provide","LastUpdated":"2020-12-21T12:56:41.4813422+02:00"},{"Score":0.78,"Term":"acquisition","LastUpdated":"2020-12-21T12:56:41.4813422+02:00"},{"Score":0.78,"Term":"sign","LastUpdated":"2020-12-21T12:56:41.4813422+02:00"},{"Score":0.75,"Term":"contributions","LastUpdated":"2020-12-21T12:56:41.4813422+02:00"},{"Score":0.75,"Term":"arrangement","LastUpdated":"2020-12-21T12:56:41.4813422+02:00"},{"Score":0.75,"Term":"property","LastUpdated":"2020-12-21T12:56:41.4813422+02:00"},{"Score":0.75,"Term":"retirement","LastUpdated":"2020-12-21T12:56:41.4813422+02:00"},{"Score":0.75,"Term":"cancellation","LastUpdated":"2020-12-21T12:56:41.4813422+02:00"},{"Score":0.75,"Term":"debt","LastUpdated":"2020-12-21T12:56:41.4813422+02:00"},{"Score":0.72,"Term":"payments","LastUpdated":"2020-12-21T12:56:41.4813422+02:00"},{"Score":0.69,"Term":"developments","LastUpdated":"2020-12-21T12:56:41.4813422+02:00"},{"Score":0.66,"Term":"signature","LastUpdated":"2020-12-21T12:56:41.4813422+02:00"},{"Score":0.63,"Term":"future","LastUpdated":"2020-12-21T12:56:41.4813422+02:00"},{"Score":0.63,"Term":"references","LastUpdated":"2020-12-21T12:56:41.4813422+02:00"},{"Score":0.57,"Term":"published","LastUpdated":"2020-12-21T12:56:41.4813422+02:00"},{"Score":0.57,"Term":"enacted","LastUpdated":"2020-12-21T12:56:41.4813422+02:00"},{"Score":0.57,"Term":"legislation","LastUpdated":"2020-12-21T12:56:41.4813422+02:00"},{"Score":0.54,"Term":"purpose","LastUpdated":"2020-12-21T12:56:41.4813422+02:00"},{"Score":0.51,"Term":"file","LastUpdated":"2020-12-21T12:56:41.4813422+02:00"},{"Score":0.45,"Term":"adoption","LastUpdated":"2020-12-21T12:56:41.4813422+02:00"},{"Score":0.39,"Term":"reportable","LastUpdated":"2020-12-21T12:56:41.4813422+02:00"},{"Score":0.39,"Term":"mutual","LastUpdated":"2020-12-21T12:56:41.4813422+02:00"},{"Score":0.36,"Term":"include","LastUpdated":"2020-12-21T12:56:41.4813422+02:00"},{"Score":0.36,"Term":"examples","LastUpdated":"2020-12-21T12:56:41.4813422+02:00"},{"Score":0.36,"Term":"returns","LastUpdated":"2020-12-21T12:56:41.4813422+02:00"},{"Score":0.33,"Term":"earned","LastUpdated":"2020-12-21T12:56:41.4813422+02:00"},{"Score":0.33,"Term":"cat","LastUpdated":"2020-12-21T12:56:41.4813422+02:00"},{"Score":0.3,"Term":"stocks","LastUpdated":"2020-12-21T12:56:41.4813422+02:00"},{"Score":0.3,"Term":"including","LastUpdated":"2020-12-21T12:56:41.4813422+02:00"},{"Score":0.27,"Term":"awards","LastUpdated":"2020-12-21T12:56:41.4813422+02:00"},{"Score":0.27,"Term":"gross","LastUpdated":"2020-12-21T12:56:41.4813422+02:00"},{"Score":0.27,"Term":"prizes","LastUpdated":"2020-12-21T12:56:41.4813422+02:00"},{"Score":0.27,"Term":"types","LastUpdated":"2020-12-21T12:56:41.4813422+02:00"},{"Score":0.24,"Term":"sales","LastUpdated":"2020-12-21T12:56:41.4813422+02:00"},{"Score":0.24,"Term":"fund","LastUpdated":"2020-12-21T12:56:41.4813422+02:00"},{"Score":0.21,"Term":"card","LastUpdated":"2020-12-21T12:56:41.4813422+02:00"},{"Score":0.21,"Term":"network","LastUpdated":"2020-12-21T12:56:41.4813422+02:00"},{"Score":0.21,"Term":"party","LastUpdated":"2020-12-21T12:56:41.4813422+02:00"},{"Score":0.15,"Term":"loan","LastUpdated":"2020-12-21T12:56:41.4813422+02:00"}]},"ParentVectorId":null,"VectorId":"StructuredDocuments.LendingForms.W-9","DocumentCount":3,"TermsWithScores":[{"Score":3.0,"Term":"form","LastUpdated":"2020-12-21T12:56:41.4923404+02:00"},{"Score":2.91,"Term":"identification","LastUpdated":"2020-12-21T12:56:41.4923404+02:00"},{"Score":2.91,"Term":"instructions","LastUpdated":"2020-12-21T12:56:41.4923404+02:00"},{"Score":2.76,"Term":"taxpayer","LastUpdated":"2020-12-21T12:56:41.4923404+02:00"},{"Score":2.76,"Term":"tax","LastUpdated":"2020-12-21T12:56:41.4923404+02:00"},{"Score":2.61,"Term":"llc","LastUpdated":"2020-12-21T12:56:41.4923404+02:00"},{"Score":2.43,"Term":"check","LastUpdated":"2020-12-21T12:56:41.4923404+02:00"},{"Score":2.4,"Term":"certification","LastUpdated":"2020-12-21T12:56:41.4923404+02:00"},{"Score":2.37,"Term":"irs","LastUpdated":"2020-12-21T12:56:41.4923404+02:00"},{"Score":2.37,"Term":"owner","LastUpdated":"2020-12-21T12:56:41.4923404+02:00"},{"Score":2.25,"Term":"person","LastUpdated":"2020-12-21T12:56:41.4923404+02:00"},{"Score":2.25,"Term":"box","LastUpdated":"2020-12-21T12:56:41.4923404+02:00"},{"Score":2.25,"Term":"withholding","LastUpdated":"2020-12-21T12:56:41.4923404+02:00"},{"Score":2.25,"Term":"backup","LastUpdated":"2020-12-21T12:56:41.4923404+02:00"},{"Score":2.25,"Term":"classification","LastUpdated":"2020-12-21T12:56:41.4923404+02:00"},{"Score":2.19,"Term":"internal","LastUpdated":"2020-12-21T12:56:41.4923404+02:00"},{"Score":2.19,"Term":"requester","LastUpdated":"2020-12-21T12:56:41.4923404+02:00"},{"Score":2.19,"Term":"corporation","LastUpdated":"2020-12-21T12:56:41.4923404+02:00"},{"Score":2.19,"Term":"revenue","LastUpdated":"2020-12-21T12:56:41.4923404+02:00"},{"Score":2.13,"Term":"tin","LastUpdated":"2020-12-21T12:56:41.4923404+02:00"},{"Score":2.13,"Term":"required","LastUpdated":"2020-12-21T12:56:41.4923404+02:00"},{"Score":2.1,"Term":"entity","LastUpdated":"2020-12-21T12:56:41.4923404+02:00"},{"Score":2.07,"Term":"code","LastUpdated":"2020-12-21T12:56:41.4923404+02:00"},{"Score":2.04,"Term":"service","LastUpdated":"2020-12-21T12:56:41.4923404+02:00"},{"Score":2.04,"Term":"request","LastUpdated":"2020-12-21T12:56:41.4923404+02:00"},{"Score":2.01,"Term":"income","LastUpdated":"2020-12-21T12:56:41.4923404+02:00"},{"Score":2.01,"Term":"disregarded","LastUpdated":"2020-12-21T12:56:41.4923404+02:00"},{"Score":1.98,"Term":"treasury","LastUpdated":"2020-12-21T12:56:41.4923404+02:00"},{"Score":1.98,"Term":"enter","LastUpdated":"2020-12-21T12:56:41.4923404+02:00"},{"Score":1.98,"Term":"send","LastUpdated":"2020-12-21T12:56:41.4923404+02:00"},{"Score":1.98,"Term":"department","LastUpdated":"2020-12-21T12:56:41.4923404+02:00"},{"Score":1.95,"Term":"federal","LastUpdated":"2020-12-21T12:56:41.4923404+02:00"},{"Score":1.92,"Term":"exempt","LastUpdated":"2020-12-21T12:56:41.4923404+02:00"},{"Score":1.92,"Term":"entered","LastUpdated":"2020-12-21T12:56:41.4923404+02:00"},{"Score":1.92,"Term":"leave","LastUpdated":"2020-12-21T12:56:41.4923404+02:00"},{"Score":1.89,"Term":"proprietor","LastUpdated":"2020-12-21T12:56:41.4923404+02:00"},{"Score":1.89,"Term":"blank","LastUpdated":"2020-12-21T12:56:41.4923404+02:00"},{"Score":1.89,"Term":"business","LastUpdated":"2020-12-21T12:56:41.4923404+02:00"},{"Score":1.86,"Term":"limited","LastUpdated":"2020-12-21T12:56:41.4923404+02:00"},{"Score":1.86,"Term":"fatca","LastUpdated":"2020-12-21T12:56:41.4923404+02:00"},{"Score":1.83,"Term":"en","LastUpdated":"2020-12-21T12:56:41.4923404+02:00"},{"Score":1.83,"Term":"boxes","LastUpdated":"2020-12-21T12:56:41.4923404+02:00"},{"Score":1.8,"Term":"individuals","LastUpdated":"2020-12-21T12:56:41.4923404+02:00"},{"Score":1.8,"Term":"partnership","LastUpdated":"2020-12-21T12:56:41.4923404+02:00"},{"Score":1.8,"Term":"entities","LastUpdated":"2020-12-21T12:56:41.4923404+02:00"},{"Score":1.8,"Term":"apply","LastUpdated":"2020-12-21T12:56:41.4923404+02:00"},{"Score":1.77,"Term":"liability","LastUpdated":"2020-12-21T12:56:41.4923404+02:00"},{"Score":1.77,"Term":"note","LastUpdated":"2020-12-21T12:56:41.4923404+02:00"},{"Score":1.77,"Term":"company","LastUpdated":"2020-12-21T12:56:41.4923404+02:00"},{"Score":1.74,"Term":"exemptions","LastUpdated":"2020-12-21T12:56:41.4923404+02:00"},{"Score":1.71,"Term":"payee","LastUpdated":"2020-12-21T12:56:41.4923404+02:00"},{"Score":1.71,"Term":"reporting","LastUpdated":"2020-12-21T12:56:41.4923404+02:00"},{"Score":1.68,"Term":"correct","LastUpdated":"2020-12-21T12:56:41.4923404+02:00"},{"Score":1.65,"Term":"subject","LastUpdated":"2020-12-21T12:56:41.4923404+02:00"},{"Score":1.65,"Term":"exemption","LastUpdated":"2020-12-21T12:56:41.4923404+02:00"},{"Score":1.62,"Term":"classified","LastUpdated":"2020-12-21T12:56:41.4923404+02:00"},{"Score":1.59,"Term":"address","LastUpdated":"2020-12-21T12:56:41.4923404+02:00"},{"Score":1.56,"Term":"security","LastUpdated":"2020-12-21T12:56:41.4923404+02:00"},{"Score":1.56,"Term":"social","LastUpdated":"2020-12-21T12:56:41.4923404+02:00"},{"Score":1.56,"Term":"purposes","LastUpdated":"2020-12-21T12:56:41.4923404+02:00"},{"Score":1.53,"Term":"account","LastUpdated":"2020-12-21T12:56:41.4923404+02:00"},{"Score":1.5,"Term":"apt","LastUpdated":"2020-12-21T12:56:41.4923404+02:00"},{"Score":1.5,"Term":"street","LastUpdated":"2020-12-21T12:56:41.4923404+02:00"},{"Score":1.47,"Term":"city","LastUpdated":"2020-12-21T12:56:41.4923404+02:00"},{"Score":1.47,"Term":"sog","LastUpdated":"2020-12-21T12:56:41.4923404+02:00"},{"Score":1.47,"Term":"hy","LastUpdated":"2020-12-21T12:56:41.4923404+02:00"},{"Score":1.47,"Term":"employer","LastUpdated":"2020-12-21T12:56:41.4923404+02:00"},{"Score":1.47,"Term":"zip","LastUpdated":"2020-12-21T12:56:41.4923404+02:00"},{"Score":1.47,"Term":"suite","LastUpdated":"2020-12-21T12:56:41.4923404+02:00"},{"Score":1.44,"Term":"ldentification","LastUpdated":"2020-12-21T12:56:41.4923404+02:00"},{"Score":1.44,"Term":"list","LastUpdated":"2020-12-21T12:56:41.4923404+02:00"},{"Score":1.41,"Term":"maintained","LastUpdated":"2020-12-21T12:56:41.4923404+02:00"},{"Score":1.41,"Term":"accounts","LastUpdated":"2020-12-21T12:56:41.4923404+02:00"},{"Score":1.38,"Term":"return","LastUpdated":"2020-12-21T12:56:41.4923404+02:00"},{"Score":1.38,"Term":"resident","LastUpdated":"2020-12-21T12:56:41.4923404+02:00"},{"Score":1.38,"Term":"match","LastUpdated":"2020-12-21T12:56:41.4923404+02:00"},{"Score":1.35,"Term":"avoid","LastUpdated":"2020-12-21T12:56:41.4923404+02:00"},{"Score":1.32,"Term":"alien","LastUpdated":"2020-12-21T12:56:41.4923404+02:00"},{"Score":1.29,"Term":"sole","LastUpdated":"2020-12-21T12:56:41.4923404+02:00"},{"Score":1.23,"Term":"notified","LastUpdated":"2020-12-21T12:56:41.4923404+02:00"},{"Score":1.2,"Term":"dividends","LastUpdated":"2020-12-21T12:56:41.4923404+02:00"},{"Score":1.2,"Term":"report","LastUpdated":"2020-12-21T12:56:41.4923404+02:00"},{"Score":1.17,"Term":"guidelines","LastUpdated":"2020-12-21T12:56:41.4923404+02:00"},{"Score":1.14,"Term":"penalties","LastUpdated":"2020-12-21T12:56:41.4923404+02:00"},{"Score":1.14,"Term":"certify","LastUpdated":"2020-12-21T12:56:41.4923404+02:00"},{"Score":1.14,"Term":"perjury","LastUpdated":"2020-12-21T12:56:41.4923404+02:00"},{"Score":1.08,"Term":"waiting","LastUpdated":"2020-12-21T12:56:41.4923404+02:00"},{"Score":1.08,"Term":"issued","LastUpdated":"2020-12-21T12:56:41.4923404+02:00"},{"Score":0.99,"Term":"failure","LastUpdated":"2020-12-21T12:56:41.4923404+02:00"},{"Score":0.99,"Term":"result","LastUpdated":"2020-12-21T12:56:41.4923404+02:00"},{"Score":0.96,"Term":"citizen","LastUpdated":"2020-12-21T12:56:41.4923404+02:00"},{"Score":0.96,"Term":"individual","LastUpdated":"2020-12-21T12:56:41.4923404+02:00"},{"Score":0.96,"Term":"lama","LastUpdated":"2020-12-21T12:56:41.4923404+02:00"},{"Score":0.96,"Term":"item","LastUpdated":"2020-12-21T12:56:41.4923404+02:00"},{"Score":0.9,"Term":"indicating","LastUpdated":"2020-12-21T12:56:41.4923404+02:00"},{"Score":0.87,"Term":"cross","LastUpdated":"2020-12-21T12:56:41.4923404+02:00"},{"Score":0.87,"Term":"paid","LastUpdated":"2020-12-21T12:56:41.4923404+02:00"},{"Score":0.87,"Term":"transactions","LastUpdated":"2020-12-21T12:56:41.4923404+02:00"},{"Score":0.87,"Term":"estate","LastUpdated":"2020-12-21T12:56:41.4923404+02:00"},{"Score":0.87,"Term":"mortgage","LastUpdated":"2020-12-21T12:56:41.4923404+02:00"},{"Score":0.87,"Term":"real","LastUpdated":"2020-12-21T12:56:41.4923404+02:00"},{"Score":0.84,"Term":"abandonment","LastUpdated":"2020-12-21T12:56:41.4923404+02:00"},{"Score":0.84,"Term":"failed","LastUpdated":"2020-12-21T12:56:41.4923404+02:00"},{"Score":0.84,"Term":"secured","LastUpdated":"2020-12-21T12:56:41.4923404+02:00"},{"Score":0.78,"Term":"provide","LastUpdated":"2020-12-21T12:56:41.4923404+02:00"},{"Score":0.78,"Term":"acquisition","LastUpdated":"2020-12-21T12:56:41.4923404+02:00"},{"Score":0.78,"Term":"sign","LastUpdated":"2020-12-21T12:56:41.4923404+02:00"},{"Score":0.75,"Term":"contributions","LastUpdated":"2020-12-21T12:56:41.4923404+02:00"},{"Score":0.75,"Term":"arrangement","LastUpdated":"2020-12-21T12:56:41.4923404+02:00"},{"Score":0.75,"Term":"property","LastUpdated":"2020-12-21T12:56:41.4923404+02:00"},{"Score":0.75,"Term":"retirement","LastUpdated":"2020-12-21T12:56:41.4923404+02:00"},{"Score":0.75,"Term":"cancellation","LastUpdated":"2020-12-21T12:56:41.4923404+02:00"},{"Score":0.75,"Term":"debt","LastUpdated":"2020-12-21T12:56:41.4923404+02:00"},{"Score":0.72,"Term":"payments","LastUpdated":"2020-12-21T12:56:41.4923404+02:00"},{"Score":0.69,"Term":"developments","LastUpdated":"2020-12-21T12:56:41.4923404+02:00"},{"Score":0.66,"Term":"signature","LastUpdated":"2020-12-21T12:56:41.4923404+02:00"},{"Score":0.63,"Term":"future","LastUpdated":"2020-12-21T12:56:41.4923404+02:00"},{"Score":0.63,"Term":"references","LastUpdated":"2020-12-21T12:56:41.4923404+02:00"},{"Score":0.57,"Term":"published","LastUpdated":"2020-12-21T12:56:41.4923404+02:00"},{"Score":0.57,"Term":"enacted","LastUpdated":"2020-12-21T12:56:41.4923404+02:00"},{"Score":0.57,"Term":"legislation","LastUpdated":"2020-12-21T12:56:41.4923404+02:00"},{"Score":0.54,"Term":"purpose","LastUpdated":"2020-12-21T12:56:41.4923404+02:00"},{"Score":0.51,"Term":"file","LastUpdated":"2020-12-21T12:56:41.4923404+02:00"},{"Score":0.45,"Term":"adoption","LastUpdated":"2020-12-21T12:56:41.4923404+02:00"},{"Score":0.39,"Term":"reportable","LastUpdated":"2020-12-21T12:56:41.4923404+02:00"},{"Score":0.39,"Term":"mutual","LastUpdated":"2020-12-21T12:56:41.4923404+02:00"},{"Score":0.36,"Term":"include","LastUpdated":"2020-12-21T12:56:41.4923404+02:00"},{"Score":0.36,"Term":"examples","LastUpdated":"2020-12-21T12:56:41.4923404+02:00"},{"Score":0.36,"Term":"returns","LastUpdated":"2020-12-21T12:56:41.4923404+02:00"},{"Score":0.33,"Term":"earned","LastUpdated":"2020-12-21T12:56:41.4923404+02:00"},{"Score":0.33,"Term":"cat","LastUpdated":"2020-12-21T12:56:41.4923404+02:00"},{"Score":0.3,"Term":"stocks","LastUpdated":"2020-12-21T12:56:41.4923404+02:00"},{"Score":0.3,"Term":"including","LastUpdated":"2020-12-21T12:56:41.4923404+02:00"},{"Score":0.27,"Term":"awards","LastUpdated":"2020-12-21T12:56:41.4923404+02:00"},{"Score":0.27,"Term":"gross","LastUpdated":"2020-12-21T12:56:41.4923404+02:00"},{"Score":0.27,"Term":"prizes","LastUpdated":"2020-12-21T12:56:41.4923404+02:00"},{"Score":0.27,"Term":"types","LastUpdated":"2020-12-21T12:56:41.4923404+02:00"},{"Score":0.24,"Term":"sales","LastUpdated":"2020-12-21T12:56:41.4923404+02:00"},{"Score":0.24,"Term":"fund","LastUpdated":"2020-12-21T12:56:41.4923404+02:00"},{"Score":0.21,"Term":"card","LastUpdated":"2020-12-21T12:56:41.4923404+02:00"},{"Score":0.21,"Term":"network","LastUpdated":"2020-12-21T12:56:41.4923404+02:00"},{"Score":0.21,"Term":"party","LastUpdated":"2020-12-21T12:56:41.4923404+02:00"},{"Score":0.15,"Term":"loan","LastUpdated":"2020-12-21T12:56:41.4923404+02:00"}]}]
