{ "correlation-id": "[In-Proc-5888]\r\n", "time": "2021-03-26 10:56:56.3973", "process": "5888", "threadid": "1", "level": "INFO", "message": "Starting Vision Host. Args: C:\\Program Files (x86)\\UiPath\\Studio\\ ,5e261740-2ae7-489c-a7b4-1d7fc05ae384" }
{ "correlation-id": "[In-Proc-5020]\r\n", "time": "2021-03-26 10:57:27.7492", "process": "5020", "threadid": "1", "level": "INFO", "message": "Starting Vision Host. Args: C:\\Program Files (x86)\\UiPath\\Studio\\ ,dfd07eb1-513f-42c7-a2c0-f332523b51da" }
