{ "correlation-id": "[In-Proc-7716]\r\n", "time": "2021-03-26 10:54:31.2540", "process": "7716", "threadid": "1", "level": "INFO", "message": "Starting Vision Host. Args: C:\\Program Files (x86)\\UiPath\\Studio\\ ,890f4b2c-36a4-425d-9766-2c789bbf023a" }
{ "correlation-id": "[In-Proc-8248]\r\n", "time": "2021-03-26 10:55:02.5792", "process": "8248", "threadid": "1", "level": "INFO", "message": "Starting Vision Host. Args: C:\\Program Files (x86)\\UiPath\\Studio\\ ,01028a0d-4b46-4204-b1b1-039186738595" }
