[{"DocumentTypeId":"Semi-Structured.CashReceipt.Badcock&MoreHomeFurniture","Keywords":[]},{"DocumentTypeId":"Documents.Other.Certificate-of-filing","Keywords":[]},{"DocumentTypeId":"Semi-Structured.CashReceipt.GibsonMcDonaldFurnitureCo","Keywords":[{"Values":["gibson"],"NumberOfTimesConfirmed":1,"LastUpdated":"2021-01-20T10:40:25.9280117-06:00"},{"Values":["mcdonald"],"NumberOfTimesConfirmed":1,"LastUpdated":"2021-01-20T10:40:25.9280117-06:00"}]},{"DocumentTypeId":"Semi-Structured.CashReceipt.IRS","Keywords":[{"Values":["austin"],"NumberOfTimesConfirmed":1,"LastUpdated":"2021-02-07T14:25:38.9712285-06:00"},{"Values":["platon"],"NumberOfTimesConfirmed":1,"LastUpdated":"2021-02-07T14:25:38.9712285-06:00"},{"Values":["henderson"],"NumberOfTimesConfirmed":1,"LastUpdated":"2021-02-07T14:25:38.9712285-06:00"}]},{"DocumentTypeId":"IRS.Forms.Form4506T","Keywords":[]},{"DocumentTypeId":"Semi-Structured.CashReceipt.JohnSmith","Keywords":[{"Values":["john","smith"],"NumberOfTimesConfirmed":1,"LastUpdated":"2021-02-07T14:25:38.9712285-06:00"},{"Values":["brooklyn"],"NumberOfTimesConfirmed":1,"LastUpdated":"2021-02-07T14:25:38.9712285-06:00"},{"Values":["dolor"],"NumberOfTimesConfirmed":1,"LastUpdated":"2021-02-07T14:25:38.9712285-06:00"}]},{"DocumentTypeId":"Semi-Structured.CashReceipt.PatioWorld","Keywords":[{"Values":["patio"],"NumberOfTimesConfirmed":1,"LastUpdated":"2021-01-20T10:40:52.6556304-06:00"},{"Values":["world"],"NumberOfTimesConfirmed":1,"LastUpdated":"2021-01-20T10:40:52.6566302-06:00"}]},{"DocumentTypeId":"Semi-StructuredDocuments.Financial.Invoice","Keywords":[{"Values":["invoice"],"NumberOfTimesConfirmed":1,"LastUpdated":"2021-01-29T12:16:34.1243703-06:00"},{"Values":["total"],"NumberOfTimesConfirmed":1,"LastUpdated":"2021-01-29T12:16:34.1243703-06:00"},{"Values":["quantity"],"NumberOfTimesConfirmed":1,"LastUpdated":"2021-01-29T12:16:34.1243703-06:00"},{"Values":["terms"],"NumberOfTimesConfirmed":1,"LastUpdated":"2021-01-29T12:16:34.1243703-06:00"}]},{"DocumentTypeId":"Semi-StructuredDocuments.Financial.Receipt","Keywords":[]},{"DocumentTypeId":"Semi-StructuredDocuments.GeneralizedMLModels.Invoices","Keywords":[]},{"DocumentTypeId":"Semi-Structured.CashReceipt.STLFurnitureWarehouseInc","Keywords":[]},{"DocumentTypeId":"StructuredDocuments.LendingForms.W-9","Keywords":[]}]
