﻿{
  "DataContractVersion": "1.1",
  "DocumentTypes": [
    {
      "DocumentTypeId": "Semi-StructuredDocuments.Financial.Receipt",
      "Group": "Semi-StructuredDocuments",
      "Category": "Financial",
      "Name": "Receipt",
      "OptionalUniqueIdentifier": null,
      "TypeField": {
        "FieldId": "Semi-StructuredDocuments.Financial.Receipt.DocumentType",
        "FieldName": "Document Type"
      },
      "Fields": [
        {
          "FieldId": "Semi-StructuredDocuments.Financial.Receipt.ReceiptName",
          "FieldName": "Receipt Name",
          "IsMultiValue": false,
          "Type": "Text",
          "DeriveFieldsFormat": "",
          "Components": [],
          "SetValues": [],
          "Metadata": []
        },
        {
          "FieldId": "Semi-StructuredDocuments.Financial.Receipt.VendorAddress",
          "FieldName": "Vendor Address",
          "IsMultiValue": false,
          "Type": "Text",
          "DeriveFieldsFormat": "",
          "Components": [],
          "SetValues": [],
          "Metadata": []
        },
        {
          "FieldId": "Semi-StructuredDocuments.Financial.Receipt.PhoneNr",
          "FieldName": "Phone Nr.",
          "IsMultiValue": false,
          "Type": "Text",
          "DeriveFieldsFormat": "",
          "Components": [],
          "SetValues": [],
          "Metadata": []
        },
        {
          "FieldId": "Semi-StructuredDocuments.Financial.Receipt.ReceiptDate",
          "FieldName": "Receipt Date",
          "IsMultiValue": false,
          "Type": "Date",
          "DeriveFieldsFormat": "",
          "Components": [],
          "SetValues": [],
          "Metadata": []
        },
        {
          "FieldId": "Semi-StructuredDocuments.Financial.Receipt.ReceiptNumber",
          "FieldName": "ReceiptNumber",
          "IsMultiValue": false,
          "Type": "Text",
          "DeriveFieldsFormat": "",
          "Components": [],
          "SetValues": [],
          "Metadata": []
        },
        {
          "FieldId": "Semi-StructuredDocuments.Financial.Receipt.ExpenseType",
          "FieldName": "ExpenseType",
          "IsMultiValue": false,
          "Type": "Text",
          "DeriveFieldsFormat": "",
          "Components": [],
          "SetValues": [],
          "Metadata": []
        },
        {
          "FieldId": "Semi-StructuredDocuments.Financial.Receipt.TaxAmount",
          "FieldName": "Tax Amount",
          "IsMultiValue": false,
          "Type": "Text",
          "DeriveFieldsFormat": "",
          "Components": [],
          "SetValues": [],
          "Metadata": []
        },
        {
          "FieldId": "Semi-StructuredDocuments.Financial.Receipt.TotalValue",
          "FieldName": "Total Value",
          "IsMultiValue": false,
          "Type": "Text",
          "DeriveFieldsFormat": "",
          "Components": [],
          "SetValues": [],
          "Metadata": []
        },
        {
          "FieldId": "Semi-StructuredDocuments.Financial.Receipt.Currency",
          "FieldName": "Currency",
          "IsMultiValue": false,
          "Type": "Text",
          "DeriveFieldsFormat": "",
          "Components": [],
          "SetValues": [],
          "Metadata": []
        },
        {
          "FieldId": "Semi-StructuredDocuments.Financial.Receipt.Items",
          "FieldName": "Items",
          "IsMultiValue": false,
          "Type": "Table",
          "DeriveFieldsFormat": "",
          "Components": [
            {
              "FieldId": "Semi-StructuredDocuments.Financial.Receipt.Items.Description",
              "FieldName": "Description",
              "IsMultiValue": false,
              "Type": "Text",
              "DeriveFieldsFormat": "",
              "Components": [],
              "SetValues": [],
              "Metadata": []
            },
            {
              "FieldId": "Semi-StructuredDocuments.Financial.Receipt.Items.Qty",
              "FieldName": "Qty.",
              "IsMultiValue": false,
              "Type": "Number",
              "DeriveFieldsFormat": "",
              "Components": [],
              "SetValues": [],
              "Metadata": []
            },
            {
              "FieldId": "Semi-StructuredDocuments.Financial.Receipt.Items.UnitPrice",
              "FieldName": "Unit Price",
              "IsMultiValue": false,
              "Type": "Text",
              "DeriveFieldsFormat": "",
              "Components": [],
              "SetValues": [],
              "Metadata": []
            },
            {
              "FieldId": "Semi-StructuredDocuments.Financial.Receipt.Items.Amount",
              "FieldName": "Amount",
              "IsMultiValue": false,
              "Type": "Text",
              "DeriveFieldsFormat": "",
              "Components": [],
              "SetValues": [],
              "Metadata": []
            }
          ],
          "SetValues": [],
          "Metadata": []
        }
      ]
    },
    {
      "DocumentTypeId": "Semi-StructuredDocuments.Financial.Invoice",
      "Group": "Semi-StructuredDocuments",
      "Category": "Financial",
      "Name": "Invoice",
      "OptionalUniqueIdentifier": null,
      "TypeField": {
        "FieldId": "Semi-StructuredDocuments.Financial.Invoice.DocumentType",
        "FieldName": "Document Type"
      },
      "Fields": [
        {
          "FieldId": "Semi-StructuredDocuments.Financial.Invoice.InvoiceExceptionDetails",
          "FieldName": "Invoice Exception Details",
          "IsMultiValue": false,
          "Type": "Text",
          "DeriveFieldsFormat": "",
          "Components": [],
          "SetValues": [],
          "Metadata": [
            {
              "Key": "RequiresReference",
              "Value": "true"
            }
          ]
        },
        {
          "FieldId": "Semi-StructuredDocuments.Financial.Invoice.Name",
          "FieldName": "Name",
          "IsMultiValue": false,
          "Type": "Text",
          "DeriveFieldsFormat": "",
          "Components": [],
          "SetValues": [],
          "Metadata": [
            {
              "Key": "RequiresReference",
              "Value": "true"
            }
          ]
        },
        {
          "FieldId": "Semi-StructuredDocuments.Financial.Invoice.Date",
          "FieldName": "Date",
          "IsMultiValue": false,
          "Type": "Date",
          "DeriveFieldsFormat": "",
          "Components": [],
          "SetValues": [],
          "Metadata": [
            {
              "Key": "RequiresReference",
              "Value": "true"
            }
          ]
        },
        {
          "FieldId": "Semi-StructuredDocuments.Financial.Invoice.InvoiceNo",
          "FieldName": "Invoice No.",
          "IsMultiValue": false,
          "Type": "Text",
          "DeriveFieldsFormat": "",
          "Components": [],
          "SetValues": [],
          "Metadata": [
            {
              "Key": "RequiresReference",
              "Value": "true"
            }
          ]
        },
        {
          "FieldId": "Semi-StructuredDocuments.Financial.Invoice.PONo",
          "FieldName": "PO Number",
          "IsMultiValue": false,
          "Type": "Text",
          "DeriveFieldsFormat": "",
          "Components": [],
          "SetValues": [],
          "Metadata": [
            {
              "Key": "RequiresReference",
              "Value": "false"
            }
          ]
        },
        {
          "FieldId": "Semi-StructuredDocuments.Financial.Invoice.TaxAmount",
          "FieldName": "Tax Amount",
          "IsMultiValue": false,
          "Type": "Text",
          "DeriveFieldsFormat": "",
          "Components": [],
          "SetValues": [],
          "Metadata": [
            {
              "Key": "RequiresReference",
              "Value": "true"
            }
          ]
        },
        {
          "FieldId": "Semi-StructuredDocuments.Financial.Invoice.ShippingCharges",
          "FieldName": "Shipping Charges",
          "IsMultiValue": false,
          "Type": "Text",
          "DeriveFieldsFormat": "",
          "Components": [],
          "SetValues": [],
          "Metadata": [
            {
              "Key": "RequiresReference",
              "Value": "true"
            }
          ]
        },
        {
          "FieldId": "Semi-StructuredDocuments.Financial.Invoice.Total",
          "FieldName": "Invoice Total",
          "IsMultiValue": false,
          "Type": "Text",
          "DeriveFieldsFormat": "",
          "Components": [],
          "SetValues": [],
          "Metadata": [
            {
              "Key": "RequiresReference",
              "Value": "true"
            }
          ]
        },
        {
          "FieldId": "Semi-StructuredDocuments.Financial.Invoice.Currency",
          "FieldName": "Currency",
          "IsMultiValue": false,
          "Type": "Text",
          "DeriveFieldsFormat": "",
          "Components": [],
          "SetValues": [],
          "Metadata": [
            {
              "Key": "RequiresReference",
              "Value": "true"
            }
          ]
        },
        {
          "FieldId": "Semi-StructuredDocuments.Financial.Invoice.Items",
          "FieldName": "Items",
          "IsMultiValue": false,
          "Type": "Table",
          "DeriveFieldsFormat": "",
          "Components": [
            {
              "FieldId": "Semi-StructuredDocuments.Financial.Invoice.Items.PartNo",
              "FieldName": "Part No.",
              "IsMultiValue": false,
              "Type": "Text",
              "DeriveFieldsFormat": "",
              "Components": [],
              "SetValues": [],
              "Metadata": [
                {
                  "Key": "RequiresReference",
                  "Value": "true"
                }
              ]
            },
            {
              "FieldId": "Semi-StructuredDocuments.Financial.Invoice.Items.Description",
              "FieldName": "Description",
              "IsMultiValue": false,
              "Type": "Text",
              "DeriveFieldsFormat": "",
              "Components": [],
              "SetValues": [],
              "Metadata": [
                {
                  "Key": "RequiresReference",
                  "Value": "true"
                }
              ]
            },
            {
              "FieldId": "Semi-StructuredDocuments.Financial.Invoice.Items.Qty",
              "FieldName": "Quantity",
              "IsMultiValue": false,
              "Type": "Number",
              "DeriveFieldsFormat": "",
              "Components": [],
              "SetValues": [],
              "Metadata": [
                {
                  "Key": "RequiresReference",
                  "Value": "true"
                }
              ]
            },
            {
              "FieldId": "Semi-StructuredDocuments.Financial.Invoice.Items.UnitPrice",
              "FieldName": "Unit Price",
              "IsMultiValue": false,
              "Type": "Text",
              "DeriveFieldsFormat": "",
              "Components": [],
              "SetValues": [],
              "Metadata": [
                {
                  "Key": "RequiresReference",
                  "Value": "true"
                }
              ]
            },
            {
              "FieldId": "Semi-StructuredDocuments.Financial.Invoice.Items.Amount",
              "FieldName": "Line Extended Amount",
              "IsMultiValue": false,
              "Type": "Text",
              "DeriveFieldsFormat": "",
              "Components": [],
              "SetValues": [],
              "Metadata": [
                {
                  "Key": "RequiresReference",
                  "Value": "true"
                }
              ]
            },
            {
              "FieldId": "Semi-StructuredDocuments.Financial.Invoice.Items.ItemPONo",
              "FieldName": "Item PO No.",
              "IsMultiValue": false,
              "Type": "Text",
              "DeriveFieldsFormat": "",
              "Components": [],
              "SetValues": [],
              "Metadata": [
                {
                  "Key": "RequiresReference",
                  "Value": "true"
                }
              ]
            }
          ],
          "SetValues": [],
          "Metadata": [
            {
              "Key": "RequiresReference",
              "Value": "true"
            }
          ]
        }
      ]
    },
    {
      "DocumentTypeId": "Semi-StructuredDocuments.Financial.Invoice_APAC",
      "Group": "Semi-StructuredDocuments",
      "Category": "Financial",
      "Name": "Invoice_APAC",
      "OptionalUniqueIdentifier": null,
      "TypeField": {
        "FieldId": "Semi-StructuredDocuments.Financial.Invoice_APAC.DocumentType",
        "FieldName": "Document Type"
      },
      "Fields": [
        {
          "FieldId": "Semi-StructuredDocuments.Financial.Invoice_APAC.InvoiceExceptionDetails",
          "FieldName": "Invoice Exception Details",
          "IsMultiValue": false,
          "Type": "Text",
          "DeriveFieldsFormat": "",
          "Components": [],
          "SetValues": [],
          "Metadata": [
            {
              "Key": "RequiresReference",
              "Value": "true"
            }
          ]
        },
        {
          "FieldId": "Semi-StructuredDocuments.Financial.Invoice_APAC.Name",
          "FieldName": "Name",
          "IsMultiValue": false,
          "Type": "Text",
          "DeriveFieldsFormat": "",
          "Components": [],
          "SetValues": [],
          "Metadata": [
            {
              "Key": "RequiresReference",
              "Value": "true"
            }
          ]
        },
        {
          "FieldId": "Semi-StructuredDocuments.Financial.Invoice_APAC.Date",
          "FieldName": "Date",
          "IsMultiValue": false,
          "Type": "Date",
          "DeriveFieldsFormat": "",
          "Components": [],
          "SetValues": [],
          "Metadata": [
            {
              "Key": "RequiresReference",
              "Value": "true"
            }
          ]
        },
        {
          "FieldId": "Semi-StructuredDocuments.Financial.Invoice_APAC.InvoiceNo",
          "FieldName": "Invoice No.",
          "IsMultiValue": false,
          "Type": "Text",
          "DeriveFieldsFormat": "",
          "Components": [],
          "SetValues": [],
          "Metadata": [
            {
              "Key": "RequiresReference",
              "Value": "true"
            }
          ]
        },
        {
          "FieldId": "Semi-StructuredDocuments.Financial.Invoice_APAC.PONumber",
          "FieldName": "PO Number",
          "IsMultiValue": false,
          "Type": "Text",
          "DeriveFieldsFormat": "",
          "Components": [],
          "SetValues": [],
          "Metadata": [
            {
              "Key": "RequiresReference",
              "Value": "true"
            }
          ]
        },
        {
          "FieldId": "Semi-StructuredDocuments.Financial.Invoice_APAC.TaxAmount",
          "FieldName": "Tax Amount",
          "IsMultiValue": false,
          "Type": "Text",
          "DeriveFieldsFormat": "",
          "Components": [],
          "SetValues": [],
          "Metadata": [
            {
              "Key": "RequiresReference",
              "Value": "true"
            }
          ]
        },
        {
          "FieldId": "Semi-StructuredDocuments.Financial.Invoice_APAC.ShippingCharges",
          "FieldName": "Shipping Charges",
          "IsMultiValue": false,
          "Type": "Text",
          "DeriveFieldsFormat": "",
          "Components": [],
          "SetValues": [],
          "Metadata": [
            {
              "Key": "RequiresReference",
              "Value": "true"
            }
          ]
        },
        {
          "FieldId": "Semi-StructuredDocuments.Financial.Invoice_APAC.InvoiceTotal",
          "FieldName": "Invoice Total",
          "IsMultiValue": false,
          "Type": "Text",
          "DeriveFieldsFormat": "",
          "Components": [],
          "SetValues": [],
          "Metadata": [
            {
              "Key": "RequiresReference",
              "Value": "true"
            }
          ]
        },
        {
          "FieldId": "Semi-StructuredDocuments.Financial.Invoice_APAC.Currency",
          "FieldName": "Currency",
          "IsMultiValue": false,
          "Type": "Text",
          "DeriveFieldsFormat": "",
          "Components": [],
          "SetValues": [],
          "Metadata": [
            {
              "Key": "RequiresReference",
              "Value": "true"
            }
          ]
        },
        {
          "FieldId": "Semi-StructuredDocuments.Financial.Invoice_APAC.TaxAmountLocalCurrency",
          "FieldName": "Tax Amount Local Currency",
          "IsMultiValue": false,
          "Type": "Text",
          "DeriveFieldsFormat": "",
          "Components": [],
          "SetValues": [],
          "Metadata": [
            {
              "Key": "RequiresReference",
              "Value": "true"
            }
          ]
        },
        {
          "FieldId": "Semi-StructuredDocuments.Financial.Invoice_APAC.TaxableAmountLocalCurrency",
          "FieldName": "Taxable Amount Local Currency",
          "IsMultiValue": false,
          "Type": "Text",
          "DeriveFieldsFormat": "",
          "Components": [],
          "SetValues": [],
          "Metadata": [
            {
              "Key": "RequiresReference",
              "Value": "true"
            }
          ]
        },
        {
          "FieldId": "Semi-StructuredDocuments.Financial.Invoice_APAC.TaxCurrencyExchangeRate",
          "FieldName": "Tax Currency Exchange Rate",
          "IsMultiValue": false,
          "Type": "Text",
          "DeriveFieldsFormat": "",
          "Components": [],
          "SetValues": [],
          "Metadata": [
            {
              "Key": "RequiresReference",
              "Value": "true"
            }
          ]
        },
        {
          "FieldId": "Semi-StructuredDocuments.Financial.Invoice_APAC.TaxRate",
          "FieldName": "Tax Rate",
          "IsMultiValue": false,
          "Type": "Text",
          "DeriveFieldsFormat": "",
          "Components": [],
          "SetValues": [],
          "Metadata": [
            {
              "Key": "RequiresReference",
              "Value": "true"
            }
          ]
        },
        {
          "FieldId": "Semi-StructuredDocuments.Financial.Invoice_APAC.Tariff",
          "FieldName": "Tariff",
          "IsMultiValue": false,
          "Type": "Text",
          "DeriveFieldsFormat": "",
          "Components": [],
          "SetValues": [],
          "Metadata": [
            {
              "Key": "RequiresReference",
              "Value": "true"
            }
          ]
        },
        {
          "FieldId": "Semi-StructuredDocuments.Financial.Invoice_APAC.Items",
          "FieldName": "Items",
          "IsMultiValue": false,
          "Type": "Table",
          "DeriveFieldsFormat": "",
          "Components": [
            {
              "FieldId": "Semi-StructuredDocuments.Financial.Invoice_APAC.Items.PartNo",
              "FieldName": "Part No.",
              "IsMultiValue": false,
              "Type": "Text",
              "DeriveFieldsFormat": "",
              "Components": [],
              "SetValues": [],
              "Metadata": [
                {
                  "Key": "RequiresReference",
                  "Value": "true"
                }
              ]
            },
            {
              "FieldId": "Semi-StructuredDocuments.Financial.Invoice_APAC.Items.Description",
              "FieldName": "Description",
              "IsMultiValue": false,
              "Type": "Text",
              "DeriveFieldsFormat": "",
              "Components": [],
              "SetValues": [],
              "Metadata": [
                {
                  "Key": "RequiresReference",
                  "Value": "true"
                }
              ]
            },
            {
              "FieldId": "Semi-StructuredDocuments.Financial.Invoice_APAC.Items.Quantity",
              "FieldName": "Quantity",
              "IsMultiValue": false,
              "Type": "Text",
              "DeriveFieldsFormat": "",
              "Components": [],
              "SetValues": [],
              "Metadata": [
                {
                  "Key": "RequiresReference",
                  "Value": "true"
                }
              ]
            },
            {
              "FieldId": "Semi-StructuredDocuments.Financial.Invoice_APAC.Items.UnitPrice",
              "FieldName": "Unit Price",
              "IsMultiValue": false,
              "Type": "Text",
              "DeriveFieldsFormat": "",
              "Components": [],
              "SetValues": [],
              "Metadata": [
                {
                  "Key": "RequiresReference",
                  "Value": "true"
                }
              ]
            },
            {
              "FieldId": "Semi-StructuredDocuments.Financial.Invoice_APAC.Items.LineExtendedAmount",
              "FieldName": "Line Extended Amount",
              "IsMultiValue": false,
              "Type": "Text",
              "DeriveFieldsFormat": "",
              "Components": [],
              "SetValues": [],
              "Metadata": [
                {
                  "Key": "RequiresReference",
                  "Value": "true"
                }
              ]
            },
            {
              "FieldId": "Semi-StructuredDocuments.Financial.Invoice_APAC.Items.ItemPONo",
              "FieldName": "Item PO No.",
              "IsMultiValue": false,
              "Type": "Text",
              "DeriveFieldsFormat": "",
              "Components": [],
              "SetValues": [],
              "Metadata": [
                {
                  "Key": "RequiresReference",
                  "Value": "true"
                }
              ]
            }
          ],
          "SetValues": [],
          "Metadata": [
            {
              "Key": "RequiresReference",
              "Value": "true"
            }
          ]
        }
      ]
    },
    {
      "DocumentTypeId": "Semi-StructuredDocuments.Financial.Invoice_UK",
      "Group": "Semi-StructuredDocuments",
      "Category": "Financial",
      "Name": "Invoice_UK",
      "OptionalUniqueIdentifier": null,
      "TypeField": {
        "FieldId": "Semi-StructuredDocuments.Financial.Invoice_UK.DocumentType",
        "FieldName": "Document Type"
      },
      "Fields": [
        {
          "FieldId": "Semi-StructuredDocuments.Financial.Invoice_UK.InvoiceExceptionDetails",
          "FieldName": "Invoice Exception Details",
          "IsMultiValue": false,
          "Type": "Text",
          "DeriveFieldsFormat": "",
          "Components": [],
          "SetValues": [],
          "Metadata": [
            {
              "Key": "RequiresReference",
              "Value": "true"
            }
          ]
        },
        {
          "FieldId": "Semi-StructuredDocuments.Financial.Invoice_UK.Name",
          "FieldName": "Name",
          "IsMultiValue": false,
          "Type": "Text",
          "DeriveFieldsFormat": "",
          "Components": [],
          "SetValues": [],
          "Metadata": [
            {
              "Key": "RequiresReference",
              "Value": "true"
            }
          ]
        },
        {
          "FieldId": "Semi-StructuredDocuments.Financial.Invoice_UK.Date",
          "FieldName": "Date",
          "IsMultiValue": false,
          "Type": "Date",
          "DeriveFieldsFormat": "",
          "Components": [],
          "SetValues": [],
          "Metadata": [
            {
              "Key": "RequiresReference",
              "Value": "true"
            }
          ]
        },
        {
          "FieldId": "Semi-StructuredDocuments.Financial.Invoice_UK.InvoiceNo",
          "FieldName": "Invoice No.",
          "IsMultiValue": false,
          "Type": "Text",
          "DeriveFieldsFormat": "",
          "Components": [],
          "SetValues": [],
          "Metadata": [
            {
              "Key": "RequiresReference",
              "Value": "true"
            }
          ]
        },
        {
          "FieldId": "Semi-StructuredDocuments.Financial.Invoice_UK.PONumber",
          "FieldName": "PO Number",
          "IsMultiValue": false,
          "Type": "Text",
          "DeriveFieldsFormat": "",
          "Components": [],
          "SetValues": [],
          "Metadata": [
            {
              "Key": "RequiresReference",
              "Value": "true"
            }
          ]
        },
        {
          "FieldId": "Semi-StructuredDocuments.Financial.Invoice_UK.TaxAmount",
          "FieldName": "Tax Amount",
          "IsMultiValue": false,
          "Type": "Text",
          "DeriveFieldsFormat": "",
          "Components": [],
          "SetValues": [],
          "Metadata": [
            {
              "Key": "RequiresReference",
              "Value": "true"
            }
          ]
        },
        {
          "FieldId": "Semi-StructuredDocuments.Financial.Invoice_UK.ShippingCharges",
          "FieldName": "Shipping Charges",
          "IsMultiValue": false,
          "Type": "Text",
          "DeriveFieldsFormat": "",
          "Components": [],
          "SetValues": [],
          "Metadata": [
            {
              "Key": "RequiresReference",
              "Value": "true"
            }
          ]
        },
        {
          "FieldId": "Semi-StructuredDocuments.Financial.Invoice_UK.InvoiceTotal",
          "FieldName": "Invoice Total",
          "IsMultiValue": false,
          "Type": "Text",
          "DeriveFieldsFormat": "",
          "Components": [],
          "SetValues": [],
          "Metadata": [
            {
              "Key": "RequiresReference",
              "Value": "true"
            }
          ]
        },
        {
          "FieldId": "Semi-StructuredDocuments.Financial.Invoice_UK.Currency",
          "FieldName": "Currency",
          "IsMultiValue": false,
          "Type": "Text",
          "DeriveFieldsFormat": "",
          "Components": [],
          "SetValues": [],
          "Metadata": [
            {
              "Key": "RequiresReference",
              "Value": "true"
            }
          ]
        },
        {
          "FieldId": "Semi-StructuredDocuments.Financial.Invoice_UK.TaxAmountLocalCurrency",
          "FieldName": "Tax Amount Local Currency",
          "IsMultiValue": false,
          "Type": "Text",
          "DeriveFieldsFormat": "",
          "Components": [],
          "SetValues": [],
          "Metadata": [
            {
              "Key": "RequiresReference",
              "Value": "true"
            }
          ]
        },
        {
          "FieldId": "Semi-StructuredDocuments.Financial.Invoice_UK.TaxableAmountLocalCurrency",
          "FieldName": "Taxable Amount Local Currency",
          "IsMultiValue": false,
          "Type": "Text",
          "DeriveFieldsFormat": "",
          "Components": [],
          "SetValues": [],
          "Metadata": [
            {
              "Key": "RequiresReference",
              "Value": "true"
            }
          ]
        },
        {
          "FieldId": "Semi-StructuredDocuments.Financial.Invoice_UK.TaxCurrencyExchangeRate",
          "FieldName": "Tax Currency Exchange Rate",
          "IsMultiValue": false,
          "Type": "Text",
          "DeriveFieldsFormat": "",
          "Components": [],
          "SetValues": [],
          "Metadata": [
            {
              "Key": "RequiresReference",
              "Value": "true"
            }
          ]
        },
        {
          "FieldId": "Semi-StructuredDocuments.Financial.Invoice_UK.TaxRate",
          "FieldName": "Tax Rate",
          "IsMultiValue": false,
          "Type": "Text",
          "DeriveFieldsFormat": "",
          "Components": [],
          "SetValues": [],
          "Metadata": [
            {
              "Key": "RequiresReference",
              "Value": "true"
            }
          ]
        },
        {
          "FieldId": "Semi-StructuredDocuments.Financial.Invoice_UK.Tariff",
          "FieldName": "Tariff",
          "IsMultiValue": false,
          "Type": "Text",
          "DeriveFieldsFormat": "",
          "Components": [],
          "SetValues": [],
          "Metadata": [
            {
              "Key": "RequiresReference",
              "Value": "true"
            }
          ]
        },
        {
          "FieldId": "Semi-StructuredDocuments.Financial.Invoice_UK.Items",
          "FieldName": "Items",
          "IsMultiValue": false,
          "Type": "Table",
          "DeriveFieldsFormat": "",
          "Components": [
            {
              "FieldId": "Semi-StructuredDocuments.Financial.Invoice_UK.Items.PartNo",
              "FieldName": "Part No.",
              "IsMultiValue": false,
              "Type": "Text",
              "DeriveFieldsFormat": "",
              "Components": [],
              "SetValues": [],
              "Metadata": [
                {
                  "Key": "RequiresReference",
                  "Value": "true"
                }
              ]
            },
            {
              "FieldId": "Semi-StructuredDocuments.Financial.Invoice_UK.Items.Description",
              "FieldName": "Description",
              "IsMultiValue": false,
              "Type": "Text",
              "DeriveFieldsFormat": "",
              "Components": [],
              "SetValues": [],
              "Metadata": [
                {
                  "Key": "RequiresReference",
                  "Value": "true"
                }
              ]
            },
            {
              "FieldId": "Semi-StructuredDocuments.Financial.Invoice_UK.Items.Quantity",
              "FieldName": "Quantity",
              "IsMultiValue": false,
              "Type": "Text",
              "DeriveFieldsFormat": "",
              "Components": [],
              "SetValues": [],
              "Metadata": [
                {
                  "Key": "RequiresReference",
                  "Value": "true"
                }
              ]
            },
            {
              "FieldId": "Semi-StructuredDocuments.Financial.Invoice_UK.Items.UnitPrice",
              "FieldName": "Unit Price",
              "IsMultiValue": false,
              "Type": "Text",
              "DeriveFieldsFormat": "",
              "Components": [],
              "SetValues": [],
              "Metadata": [
                {
                  "Key": "RequiresReference",
                  "Value": "true"
                }
              ]
            },
            {
              "FieldId": "Semi-StructuredDocuments.Financial.Invoice_UK.Items.LineExtendedAmount",
              "FieldName": "Line Extended Amount",
              "IsMultiValue": false,
              "Type": "Text",
              "DeriveFieldsFormat": "",
              "Components": [],
              "SetValues": [],
              "Metadata": [
                {
                  "Key": "RequiresReference",
                  "Value": "true"
                }
              ]
            },
            {
              "FieldId": "Semi-StructuredDocuments.Financial.Invoice_UK.Items.ItemPONo",
              "FieldName": "Item PO No.",
              "IsMultiValue": false,
              "Type": "Text",
              "DeriveFieldsFormat": "",
              "Components": [],
              "SetValues": [],
              "Metadata": [
                {
                  "Key": "RequiresReference",
                  "Value": "true"
                }
              ]
            }
          ],
          "SetValues": [],
          "Metadata": [
            {
              "Key": "RequiresReference",
              "Value": "true"
            }
          ]
        }
      ]
    },
    {
      "DocumentTypeId": "Semi-StructuredDocuments.Financial.Invoice_RO",
      "Group": "Semi-StructuredDocuments",
      "Category": "Financial",
      "Name": "Invoice_RO",
      "OptionalUniqueIdentifier": null,
      "TypeField": {
        "FieldId": "Semi-StructuredDocuments.Financial.Invoice_RO.DocumentType",
        "FieldName": "Document Type"
      },
      "Fields": [
        {
          "FieldId": "Semi-StructuredDocuments.Financial.Invoice_RO.InvoiceExceptionDetails",
          "FieldName": "Invoice Exception Details",
          "IsMultiValue": false,
          "Type": "Text",
          "DeriveFieldsFormat": "",
          "Components": [],
          "SetValues": [],
          "Metadata": [
            {
              "Key": "RequiresReference",
              "Value": "true"
            }
          ]
        },
        {
          "FieldId": "Semi-StructuredDocuments.Financial.Invoice_RO.Name",
          "FieldName": "Name",
          "IsMultiValue": false,
          "Type": "Text",
          "DeriveFieldsFormat": "",
          "Components": [],
          "SetValues": [],
          "Metadata": [
            {
              "Key": "RequiresReference",
              "Value": "true"
            }
          ]
        },
        {
          "FieldId": "Semi-StructuredDocuments.Financial.Invoice_RO.Date",
          "FieldName": "Date",
          "IsMultiValue": false,
          "Type": "Date",
          "DeriveFieldsFormat": "",
          "Components": [],
          "SetValues": [],
          "Metadata": [
            {
              "Key": "RequiresReference",
              "Value": "true"
            }
          ]
        },
        {
          "FieldId": "Semi-StructuredDocuments.Financial.Invoice_RO.InvoiceNo",
          "FieldName": "Invoice No.",
          "IsMultiValue": false,
          "Type": "Text",
          "DeriveFieldsFormat": "",
          "Components": [],
          "SetValues": [],
          "Metadata": [
            {
              "Key": "RequiresReference",
              "Value": "true"
            }
          ]
        },
        {
          "FieldId": "Semi-StructuredDocuments.Financial.Invoice_RO.PONumber",
          "FieldName": "PO Number",
          "IsMultiValue": false,
          "Type": "Text",
          "DeriveFieldsFormat": "",
          "Components": [],
          "SetValues": [],
          "Metadata": [
            {
              "Key": "RequiresReference",
              "Value": "true"
            }
          ]
        },
        {
          "FieldId": "Semi-StructuredDocuments.Financial.Invoice_RO.TaxAmount",
          "FieldName": "Tax Amount",
          "IsMultiValue": false,
          "Type": "Text",
          "DeriveFieldsFormat": "",
          "Components": [],
          "SetValues": [],
          "Metadata": [
            {
              "Key": "RequiresReference",
              "Value": "true"
            }
          ]
        },
        {
          "FieldId": "Semi-StructuredDocuments.Financial.Invoice_RO.ShippingCharges",
          "FieldName": "Shipping Charges",
          "IsMultiValue": false,
          "Type": "Text",
          "DeriveFieldsFormat": "",
          "Components": [],
          "SetValues": [],
          "Metadata": [
            {
              "Key": "RequiresReference",
              "Value": "true"
            }
          ]
        },
        {
          "FieldId": "Semi-StructuredDocuments.Financial.Invoice_RO.InvoiceTotal",
          "FieldName": "Invoice Total",
          "IsMultiValue": false,
          "Type": "Text",
          "DeriveFieldsFormat": "",
          "Components": [],
          "SetValues": [],
          "Metadata": [
            {
              "Key": "RequiresReference",
              "Value": "true"
            }
          ]
        },
        {
          "FieldId": "Semi-StructuredDocuments.Financial.Invoice_RO.Currency",
          "FieldName": "Currency",
          "IsMultiValue": false,
          "Type": "Text",
          "DeriveFieldsFormat": "",
          "Components": [],
          "SetValues": [],
          "Metadata": [
            {
              "Key": "RequiresReference",
              "Value": "true"
            }
          ]
        },
        {
          "FieldId": "Semi-StructuredDocuments.Financial.Invoice_RO.TaxAmountLocalCurrency",
          "FieldName": "Tax Amount Local Currency",
          "IsMultiValue": false,
          "Type": "Text",
          "DeriveFieldsFormat": "",
          "Components": [],
          "SetValues": [],
          "Metadata": [
            {
              "Key": "RequiresReference",
              "Value": "true"
            }
          ]
        },
        {
          "FieldId": "Semi-StructuredDocuments.Financial.Invoice_RO.TaxableAmountLocalCurrency",
          "FieldName": "Taxable Amount Local Currency",
          "IsMultiValue": false,
          "Type": "Text",
          "DeriveFieldsFormat": "",
          "Components": [],
          "SetValues": [],
          "Metadata": [
            {
              "Key": "RequiresReference",
              "Value": "true"
            }
          ]
        },
        {
          "FieldId": "Semi-StructuredDocuments.Financial.Invoice_RO.TaxCurrencyExchangeRate",
          "FieldName": "Tax Currency Exchange Rate",
          "IsMultiValue": false,
          "Type": "Text",
          "DeriveFieldsFormat": "",
          "Components": [],
          "SetValues": [],
          "Metadata": [
            {
              "Key": "RequiresReference",
              "Value": "true"
            }
          ]
        },
        {
          "FieldId": "Semi-StructuredDocuments.Financial.Invoice_RO.TaxRate",
          "FieldName": "Tax Rate",
          "IsMultiValue": false,
          "Type": "Text",
          "DeriveFieldsFormat": "",
          "Components": [],
          "SetValues": [],
          "Metadata": [
            {
              "Key": "RequiresReference",
              "Value": "true"
            }
          ]
        },
        {
          "FieldId": "Semi-StructuredDocuments.Financial.Invoice_RO.Tariff",
          "FieldName": "Tariff",
          "IsMultiValue": false,
          "Type": "Text",
          "DeriveFieldsFormat": "",
          "Components": [],
          "SetValues": [],
          "Metadata": [
            {
              "Key": "RequiresReference",
              "Value": "true"
            }
          ]
        },
        {
          "FieldId": "Semi-StructuredDocuments.Financial.Invoice_RO.VendorVAT",
          "FieldName": "VAT No.",
          "IsMultiValue": false,
          "Type": "Text",
          "DeriveFieldsFormat": "",
          "Components": [],
          "SetValues": [],
          "Metadata": [
            {
              "Key": "RequiresReference",
              "Value": "true"
            }
          ]
        },
        {
          "FieldId": "Semi-StructuredDocuments.Financial.Invoice_RO.ShipFromCountry",
          "FieldName": "Ship From Country",
          "IsMultiValue": false,
          "Type": "Text",
          "DeriveFieldsFormat": "",
          "Components": [],
          "SetValues": [],
          "Metadata": [
            {
              "Key": "RequiresReference",
              "Value": "true"
            }
          ]
        },
        {
          "FieldId": "Semi-StructuredDocuments.Financial.Invoice_RO.Items",
          "FieldName": "Items",
          "IsMultiValue": false,
          "Type": "Table",
          "DeriveFieldsFormat": "",
          "Components": [
            {
              "FieldId": "Semi-StructuredDocuments.Financial.Invoice_RO.Items.PartNo",
              "FieldName": "Part No.",
              "IsMultiValue": false,
              "Type": "Text",
              "DeriveFieldsFormat": "",
              "Components": [],
              "SetValues": [],
              "Metadata": [
                {
                  "Key": "RequiresReference",
                  "Value": "true"
                }
              ]
            },
            {
              "FieldId": "Semi-StructuredDocuments.Financial.Invoice_RO.Items.Description",
              "FieldName": "Description",
              "IsMultiValue": false,
              "Type": "Text",
              "DeriveFieldsFormat": "",
              "Components": [],
              "SetValues": [],
              "Metadata": [
                {
                  "Key": "RequiresReference",
                  "Value": "true"
                }
              ]
            },
            {
              "FieldId": "Semi-StructuredDocuments.Financial.Invoice_RO.Items.Quantity",
              "FieldName": "Quantity",
              "IsMultiValue": false,
              "Type": "Text",
              "DeriveFieldsFormat": "",
              "Components": [],
              "SetValues": [],
              "Metadata": [
                {
                  "Key": "RequiresReference",
                  "Value": "true"
                }
              ]
            },
            {
              "FieldId": "Semi-StructuredDocuments.Financial.Invoice_RO.Items.UnitPrice",
              "FieldName": "Unit Price",
              "IsMultiValue": false,
              "Type": "Text",
              "DeriveFieldsFormat": "",
              "Components": [],
              "SetValues": [],
              "Metadata": [
                {
                  "Key": "RequiresReference",
                  "Value": "true"
                }
              ]
            },
            {
              "FieldId": "Semi-StructuredDocuments.Financial.Invoice_RO.Items.LineExtendedAmount",
              "FieldName": "Line Extended Amount",
              "IsMultiValue": false,
              "Type": "Text",
              "DeriveFieldsFormat": "",
              "Components": [],
              "SetValues": [],
              "Metadata": [
                {
                  "Key": "RequiresReference",
                  "Value": "true"
                }
              ]
            },
            {
              "FieldId": "Semi-StructuredDocuments.Financial.Invoice_RO.Items.ItemPONo",
              "FieldName": "Item PO No.",
              "IsMultiValue": false,
              "Type": "Text",
              "DeriveFieldsFormat": "",
              "Components": [],
              "SetValues": [],
              "Metadata": [
                {
                  "Key": "RequiresReference",
                  "Value": "true"
                }
              ]
            }
          ],
          "SetValues": [],
          "Metadata": [
            {
              "Key": "RequiresReference",
              "Value": "true"
            }
          ]
        }
      ]
    }
  ],
  "Groups": [
    {
      "Name": "Documents",
      "Categories": [
        "Other"
      ]
    },
    {
      "Name": "IRS",
      "Categories": [
        "Forms"
      ]
    },
    {
      "Name": "Semi-StructuredDocuments",
      "Categories": [
        "Financial"
      ]
    },
    {
      "Name": "Structured Documents",
      "Categories": [
        "Lending Forms"
      ]
    }
  ],
  "SupportedLanguages": [
    {
      "Name": "Undetermined Language",
      "Code": "und"
    },
    {
      "Name": "Bulgarian",
      "Code": "bul"
    },
    {
      "Name": "Cantonese",
      "Code": "yue"
    },
    {
      "Name": "Danish",
      "Code": "dan"
    },
    {
      "Name": "Dutch",
      "Code": "nld"
    },
    {
      "Name": "English",
      "Code": "eng"
    },
    {
      "Name": "French",
      "Code": "fra"
    },
    {
      "Name": "Georgian",
      "Code": "kat"
    },
    {
      "Name": "German",
      "Code": "deu"
    },
    {
      "Name": "Greek",
      "Code": "ell"
    },
    {
      "Name": "Hebrew",
      "Code": "heb"
    },
    {
      "Name": "Hindi",
      "Code": "hin"
    },
    {
      "Name": "Italian",
      "Code": "ita"
    },
    {
      "Name": "Japanese",
      "Code": "jpn"
    },
    {
      "Name": "Korean",
      "Code": "kor"
    },
    {
      "Name": "Macedonian",
      "Code": "mkd"
    },
    {
      "Name": "Mandarin",
      "Code": "zho"
    },
    {
      "Name": "Marathi",
      "Code": "mar"
    },
    {
      "Name": "Norwegian",
      "Code": "nor"
    },
    {
      "Name": "Polish",
      "Code": "pol"
    },
    {
      "Name": "Portuguese",
      "Code": "por"
    },
    {
      "Name": "Romanian",
      "Code": "ron"
    },
    {
      "Name": "Russian",
      "Code": "rus"
    },
    {
      "Name": "Serbian",
      "Code": "srp"
    },
    {
      "Name": "Spanish",
      "Code": "spa"
    },
    {
      "Name": "Swedish",
      "Code": "swe"
    },
    {
      "Name": "Telugu",
      "Code": "tel"
    }
  ]
}